"./input/Dataset_preproc/11_emptyroom_d8_g4_p_t10.cnf",,,,,,,,,,,
"p","var","value","nb_vars","nb_cls","MC","edge_count","node_count","time","WMC","logWMC","obj"
0,-1,-1,776,2582,-1,-1,-1,0.0225066191051155,-1,-1,-1
171,17,0,776,2207,-1,-1,-1,4374.78912420711,-1,-1,-1.08694395256818E+061
"./input/Dataset_preproc/13_ring2_r6_p_t10.cnf",,,,,,,,,,,
"p","var","value","nb_vars","nb_cls","MC","edge_count","node_count","time","WMC","logWMC","obj"
0,-1,-1,598,1892,-1,-1,-1,0.0175012571271509,-1,-1,-1
"./input/Dataset_preproc/13_ring2_r6_p_t7.cnf",,,,,,,,,,,
"p","var","value","nb_vars","nb_cls","MC","edge_count","node_count","time","WMC","logWMC","obj"
0,-1,-1,424,1331,-1,-1,-1,0.00788815109990537,-1,-1,-1
93,155,0,424,1107,-1,-1,-1,4943.90242446796,-1,-1,100421.560395095
"./input/Dataset_preproc/13_ring2_r6_p_t8.cnf",,,,,,,,,,,
"p","var","value","nb_vars","nb_cls","MC","edge_count","node_count","time","WMC","logWMC","obj"
0,-1,-1,482,1518,-1,-1,-1,0.00912723108194768,-1,-1,-1
"./input/Dataset_preproc/13_ring2_r6_p_t9.cnf",,,,,,,,,,,
"p","var","value","nb_vars","nb_cls","MC","edge_count","node_count","time","WMC","logWMC","obj"
0,-1,-1,540,1705,-1,-1,-1,0.00999782211147249,-1,-1,-1
"./input/Dataset_preproc/13_ring2_r8_p_t10.cnf",,,,,,,,,,,
"p","var","value","nb_vars","nb_cls","MC","edge_count","node_count","time","WMC","logWMC","obj"
0,-1,-1,784,2527,-1,-1,-1,0.0150686651468277,-1,-1,-1
"./input/Dataset_preproc/13_ring2_r8_p_t6.cnf",,,,,,,,,,,
"p","var","value","nb_vars","nb_cls","MC","edge_count","node_count","time","WMC","logWMC","obj"
0,-1,-1,480,1531,-1,-1,-1,0.0114444750361145,-1,-1,-1
106,243,0,480,1273,-1,-1,-1,5850.84865116701,-1,-1,3501.43961328376
"./input/Dataset_preproc/13_ring2_r8_p_t7.cnf",,,,,,,,,,,
"p","var","value","nb_vars","nb_cls","MC","edge_count","node_count","time","WMC","logWMC","obj"
0,-1,-1,556,1780,-1,-1,-1,0.0116628289688379,-1,-1,-1
"./input/Dataset_preproc/13_ring2_r8_p_t8.cnf",,,,,,,,,,,
"p","var","value","nb_vars","nb_cls","MC","edge_count","node_count","time","WMC","logWMC","obj"
0,-1,-1,632,2029,-1,-1,-1,0.0146239739842713,-1,-1,-1
"./input/Dataset_preproc/13_ring2_r8_p_t9.cnf",,,,,,,,,,,
"p","var","value","nb_vars","nb_cls","MC","edge_count","node_count","time","WMC","logWMC","obj"
0,-1,-1,708,2278,-1,-1,-1,0.0140364761464298,-1,-1,-1
"./input/Dataset_preproc/13_ring_4_p_t10.cnf",,,,,,,,,,,
"p","var","value","nb_vars","nb_cls","MC","edge_count","node_count","time","WMC","logWMC","obj"
0,-1,-1,632,1673,-1,-1,-1,0.0132562089711428,-1,-1,-1
139,342,1,632,1353,-1,-1,-1,8368.95833842829,-1,-1,-1.70461381933881E+078
"./input/Dataset_preproc/13_ring_5_p_t10.cnf",,,,,,,,,,,
"p","var","value","nb_vars","nb_cls","MC","edge_count","node_count","time","WMC","logWMC","obj"
0,-1,-1,780,2091,-1,-1,-1,0.0141190337017179,-1,-1,-1
"./input/Dataset_preproc/13_ring_5_p_t8.cnf",,,,,,,,,,,
"p","var","value","nb_vars","nb_cls","MC","edge_count","node_count","time","WMC","logWMC","obj"
0,-1,-1,632,1679,-1,-1,-1,0.0167557583190501,-1,-1,-1
139,172,0,632,1351,-1,-1,-1,5650.1759857391,-1,-1,-1.12480414560383E+085
"./input/Dataset_preproc/13_ring_5_p_t9.cnf",,,,,,,,,,,
"p","var","value","nb_vars","nb_cls","MC","edge_count","node_count","time","WMC","logWMC","obj"
0,-1,-1,706,1885,-1,-1,-1,0.0191792012192309,-1,-1,-1
155,523,1,706,1489,-1,-1,-1,8675.32382402523,-1,-1,-2.34564124563199E+069
"./input/Dataset_preproc/11_emptyroom_d8_g4_p_t10.cnf",,,,,,,,,,,
"p","var","value","nb_vars","nb_cls","MC","edge_count","node_count","time","WMC","logWMC","obj"
0,-1,-1,776,2582,-1,-1,-1,0.01580615574494,-1,-1,-1
1,119,0,776,2582,-1,-1,-1,146.601035485044,-1,-1,-8.75711896522629E+069
2,75,0,776,2581,-1,-1,-1,288.302413438912,-1,-1,-8.75562556831648E+069
3,457,0,776,2580,-1,-1,-1,423.279790370725,-1,-1,-8.75450606614531E+069
4,245,0,776,2579,-1,-1,-1,554.110408978071,-1,-1,-8.75452017502661E+069
5,562,0,776,2578,-1,-1,-1,685.701917970087,-1,-1,-8.75455166159408E+069
6,148,0,776,2577,-1,-1,-1,811.975408360828,-1,-1,-8.75444907393524E+069
7,232,0,776,2576,-1,-1,-1,933.404569236096,-1,-1,-8.75431282971223E+069
8,600,0,776,2575,-1,-1,-1,1049.23717662971,-1,-1,-8.75457034059184E+069
9,230,0,776,2574,-1,-1,-1,1160.60337276198,-1,-1,-8.75442259044475E+069
10,476,0,776,2573,-1,-1,-1,1269.59742919914,-1,-1,-8.7540429125252E+069
11,282,0,776,2572,-1,-1,-1,1376.93960864376,-1,-1,-8.75403028514599E+069
12,720,0,776,2571,-1,-1,-1,1479.5479455851,-1,-1,-8.75396645737817E+069
13,451,0,776,2570,-1,-1,-1,1577.93547113985,-1,-1,-8.75396508799608E+069
14,273,0,776,2569,-1,-1,-1,1673.45413687173,-1,-1,-8.75389912550767E+069
15,195,0,776,2568,-1,-1,-1,1765.16164130485,-1,-1,-8.753982386358E+069
16,495,0,776,2567,-1,-1,-1,1853.90867765108,-1,-1,-8.75391297601336E+069
17,31,0,776,2566,-1,-1,-1,1940.26595750684,-1,-1,-8.75386297798498E+069
18,303,0,776,2565,-1,-1,-1,2024.60006202711,-1,-1,-8.75450109425068E+069
19,197,0,776,2564,-1,-1,-1,2104.12872366514,-1,-1,-8.75402757637035E+069
20,587,0,776,2563,-1,-1,-1,2180.05994514981,-1,-1,-8.75323770365042E+069
21,321,0,776,2562,-1,-1,-1,2253.18458602391,-1,-1,-8.75298193866769E+069
22,241,0,776,2561,-1,-1,-1,2324.35009027971,-1,-1,-8.75283538316483E+069
23,226,0,776,2560,-1,-1,-1,2392.45135092596,-1,-1,-8.75282223921056E+069
24,210,0,776,2559,-1,-1,-1,2457.96352141397,-1,-1,-8.75243545637156E+069
25,704,0,776,2558,-1,-1,-1,2521.35576425772,-1,-1,-8.75156249491735E+069
26,672,0,776,2557,-1,-1,-1,2584.01574225212,-1,-1,-8.75012775429186E+069
27,156,0,776,2556,-1,-1,-1,2655.06638218276,-1,-1,-8.75011456630457E+069
28,103,0,776,2555,-1,-1,-1,2722.014698226,-1,-1,-8.75012828849054E+069
29,610,0,776,2554,-1,-1,-1,2785.15990422107,-1,-1,-8.75010040826918E+069
30,207,0,776,2553,-1,-1,-1,2846.86073571397,-1,-1,-8.74999553344272E+069
31,267,0,776,2552,-1,-1,-1,2906.08573747799,-1,-1,-8.74998137663461E+069
32,410,0,776,2551,-1,-1,-1,2964.51996852783,-1,-1,-8.74954545807173E+069
33,236,0,776,2550,-1,-1,-1,3017.45868967893,-1,-1,-8.74768704149725E+069
34,548,0,776,2549,-1,-1,-1,3071.20092241885,-1,-1,-8.74526284383316E+069
35,450,0,776,2548,-1,-1,-1,3123.67301064776,-1,-1,-8.74827915477809E+069
36,599,0,776,2547,-1,-1,-1,3171.93930528499,-1,-1,-8.73565636305665E+069
37,531,0,776,2546,-1,-1,-1,3217.60686596995,-1,-1,-8.73450867381175E+069
38,406,0,776,2545,-1,-1,-1,3261.94854050782,-1,-1,-8.72996230539319E+069
39,717,0,776,2544,-1,-1,-1,3300.56584132416,-1,-1,-8.72883505562697E+069
40,682,0,776,2543,-1,-1,-1,3337.59616001695,-1,-1,-8.72837932700763E+069
41,641,0,776,2542,-1,-1,-1,3372.53543507494,-1,-1,-8.72811528103627E+069
42,202,0,776,2541,-1,-1,-1,3405.80245541176,-1,-1,-8.72300360396737E+069
43,615,0,776,2540,-1,-1,-1,3437.72487484617,-1,-1,-8.71582594631435E+069
44,301,0,776,2539,-1,-1,-1,3468.22073062509,-1,-1,-8.70536437563098E+069
45,445,0,776,2538,-1,-1,-1,3495.30399277294,-1,-1,-8.6842857447692E+069
46,390,0,776,2537,-1,-1,-1,3521.02680684905,-1,-1,-8.65594714937688E+069
47,262,0,776,2536,-1,-1,-1,3545.04752210807,-1,-1,-8.6251142366652E+069
48,187,0,776,2535,-1,-1,-1,3566.45236020675,-1,-1,-8.56587736204741E+069
49,145,0,776,2524,-1,-1,-1,3566.45496711694,-1,-1,162776.400742916
50,188,0,776,2523,-1,-1,-1,3566.45731667988,-1,-1,134522.182205278
51,189,0,776,2522,-1,-1,-1,3566.45957588591,-1,-1,20420.3555769966
52,567,0,776,2521,-1,-1,-1,3586.50554478308,-1,-1,-8.38363072055636E+069
53,689,0,776,2520,-1,-1,-1,3604.94215595303,-1,-1,-8.17166421888889E+069
54,764,1,776,2519,-1,-1,-1,3621.63871477777,-1,-1,-8.02798538535876E+069
55,774,0,776,2506,-1,-1,-1,3621.64122014213,-1,-1,44454.3268733926
56,557,0,776,2478,-1,-1,-1,3621.64369712397,-1,-1,249755.507651082
57,651,0,776,2477,-1,-1,-1,3621.64594744006,-1,-1,217732.496562586
58,425,0,776,2476,-1,-1,-1,3621.64818479493,-1,-1,203107.817159272
59,559,0,776,2475,-1,-1,-1,3621.65042936895,-1,-1,184276.955268985
60,649,0,776,2474,-1,-1,-1,3621.65286521288,-1,-1,163803.055676204
61,605,0,776,2473,-1,-1,-1,3621.65509907389,-1,-1,159582.099783823
62,695,0,776,2472,-1,-1,-1,3621.65739468671,-1,-1,157192.017709475
63,465,0,776,2471,-1,-1,-1,3621.65961855603,-1,-1,104353.837862118
64,467,0,776,2470,-1,-1,-1,3621.66208797181,-1,-1,67625.9386438279
65,511,0,776,2469,-1,-1,-1,3621.66442635981,-1,-1,58792.0894999567
66,513,0,776,2468,-1,-1,-1,3621.66664459696,-1,-1,23285.2936225389
67,603,0,776,2467,-1,-1,-1,3621.66894950485,-1,-1,12018.25988266
68,728,0,776,2466,-1,-1,-1,3621.67134329816,-1,-1,8590.80039457394
69,697,0,776,2465,-1,-1,-1,3621.673572978,-1,-1,1265.47495941586
70,66,0,776,2464,-1,-1,-1,3637.13607700681,-1,-1,-7.44431673793571E+069
71,534,0,776,2463,-1,-1,-1,3651.58152114274,-1,-1,-6.57792541381187E+069
72,769,0,776,2462,-1,-1,-1,3664.6439082711,-1,-1,-6.55812920052016E+069
73,488,0,776,2434,-1,-1,-1,3664.64636832802,-1,-1,213869.013082351
74,486,0,776,2433,-1,-1,-1,3664.64858520497,-1,-1,211707.916333753
75,442,0,776,2432,-1,-1,-1,3664.65079463972,-1,-1,188402.465122716
76,626,0,776,2431,-1,-1,-1,3664.65321720298,-1,-1,182605.052244823
77,440,0,776,2430,-1,-1,-1,3664.65543315699,-1,-1,167490.783586134
78,713,0,776,2429,-1,-1,-1,3664.65765731083,-1,-1,99578.1788014059
79,670,0,776,2428,-1,-1,-1,3664.65985718789,-1,-1,70602.738570741
80,578,0,776,2427,-1,-1,-1,3664.6622588411,-1,-1,42471.706117902
81,624,0,776,2426,-1,-1,-1,3664.66447673272,-1,-1,20489.1351115542
82,580,0,776,2425,-1,-1,-1,3664.66665733512,-1,-1,13106.3916630896
83,532,0,776,2424,-1,-1,-1,3664.6689275899,-1,-1,5213.22444384336
84,481,0,776,2423,-1,-1,-1,3678.13498397404,-1,-1,-5.66505484550887E+069
85,280,0,776,2422,-1,-1,-1,3688.42877594102,-1,-1,-4.50363473379743E+069
86,645,0,776,2421,-1,-1,-1,3697.41791358497,-1,-1,-2.85011630400733E+069
87,715,1,776,2420,-1,-1,-1,3704.60125989979,-1,-1,-7.88997549029945E+068
88,706,0,776,2416,-1,-1,-1,3710.21200761991,-1,-1,-2.11397381206606E+068
89,329,0,776,2415,-1,-1,-1,3715.75376561703,-1,-1,-5.68278777253825E+066
90,358,0,776,2414,-1,-1,-1,3720.37001933577,-1,-1,-5.74347880509448E+065
91,164,0,776,2413,-1,-1,-1,3724.13444453198,-1,-1,-5.3997852368206E+065
92,657,0,776,2412,-1,-1,-1,3727.01919602277,-1,-1,-3.76770925557291E+063
93,658,0,776,2401,-1,-1,-1,3727.02172753774,-1,-1,103334.534801872
94,659,0,776,2400,-1,-1,-1,3727.02402413497,-1,-1,70600.7354449108
95,485,0,776,2399,-1,-1,-1,3729.09217109205,-1,-1,-1.33851439465316E+063
96,555,0,776,2398,-1,-1,-1,3730.47528791474,-1,-1,-1.29507084332313E+061
97,556,0,776,2391,-1,-1,-1,3730.47774344403,-1,-1,54870.2763779285
98,604,0,776,2391,-1,-1,-1,3730.48001922714,-1,-1,36988.5955488566
99,276,0,776,2391,-1,-1,-1,3765.21701801289,-1,-1,-1.29507089703381E+061
100,527,0,776,2390,-1,-1,-1,3799.98139510211,-1,-1,-1.29507094365257E+061
101,436,0,776,2389,-1,-1,-1,3833.91495675174,-1,-1,-1.29507094366487E+061
102,656,0,776,2388,-1,-1,-1,3868.6007633619,-1,-1,-1.29507094365788E+061
103,42,0,776,2387,-1,-1,-1,3914.12932313094,-1,-1,-1.29507094223568E+061
104,255,0,776,2386,-1,-1,-1,3993.81328526512,-1,-1,-1.29507087597961E+061
105,200,0,776,2385,-1,-1,-1,4026.07934119692,-1,-1,-1.29507091050952E+061
106,671,0,776,2384,-1,-1,-1,4057.19910332095,-1,-1,-1.295070910361E+061
107,355,0,776,2383,-1,-1,-1,4122.12354763411,-1,-1,-1.29507077749267E+061
108,178,0,776,2382,-1,-1,-1,4153.69933263678,-1,-1,-1.2950708524184E+061
109,177,0,776,2381,-1,-1,-1,4154.93202978186,-1,-1,-1.29474787990385E+061
110,179,0,776,2370,-1,-1,-1,4154.93455004972,-1,-1,180186.38696916
111,135,0,776,2369,-1,-1,-1,4154.93706181413,-1,-1,4943.51723893333
112,176,0,776,2368,-1,-1,-1,4173.58335316414,-1,-1,-1.29474793441165E+061
113,151,0,776,2367,-1,-1,-1,4204.39169331873,-1,-1,-1.2947479346358E+061
114,324,0,776,2366,-1,-1,-1,4232.52575402986,-1,-1,-1.29474782138321E+061
115,357,0,776,2365,-1,-1,-1,4249.67522631073,-1,-1,-1.29474688653578E+061
116,304,0,776,2364,-1,-1,-1,4266.94868084602,-1,-1,-1.29474579737766E+061
117,490,0,776,2363,-1,-1,-1,4275.22995177517,-1,-1,-1.29473983264238E+061
118,568,0,776,2362,-1,-1,-1,4283.17546187202,-1,-1,-1.29470761268766E+061
119,71,0,776,2361,-1,-1,-1,4292.62032967992,-1,-1,-1.2945710317867E+061
120,51,0,776,2360,-1,-1,-1,4299.46425466007,-1,-1,-1.29414743646495E+061
121,104,0,776,2359,-1,-1,-1,4306.19311210793,-1,-1,-1.28929752247787E+061
122,391,0,776,2358,-1,-1,-1,4312.14087950205,-1,-1,-1.28872550306087E+061
123,299,0,776,2357,-1,-1,-1,4317.24131904077,-1,-1,-1.28215332653578E+061
124,356,0,776,2356,-1,-1,-1,4321.7247593319,-1,-1,-1.25523130184696E+061
125,314,0,776,2345,-1,-1,-1,4321.72736142203,-1,-1,174411.942305992
126,394,0,776,2344,-1,-1,-1,4321.72957202001,-1,-1,152642.855707625
127,755,0,776,2343,-1,-1,-1,4325.73627546011,-1,-1,-1.22567475130778E+061
128,138,0,776,2316,-1,-1,-1,4325.73943209788,-1,-1,238637.142136072
129,399,0,776,2315,-1,-1,-1,4325.74169134209,-1,-1,234589.368135158
130,278,0,776,2314,-1,-1,-1,4325.74391574506,-1,-1,212054.259411846
131,368,0,776,2313,-1,-1,-1,4325.74652387388,-1,-1,199549.076139894
132,322,0,776,2312,-1,-1,-1,4325.74878298491,-1,-1,155733.286837511
133,140,0,776,2311,-1,-1,-1,4325.75100130308,-1,-1,135670.928211344
134,96,0,776,2310,-1,-1,-1,4325.75336773414,-1,-1,92489.4603899469
135,370,0,776,2309,-1,-1,-1,4325.75612265477,-1,-1,91804.5891425273
136,186,0,776,2308,-1,-1,-1,4325.75832915911,-1,-1,57618.537154917
137,184,0,776,2307,-1,-1,-1,4325.76053041779,-1,-1,56506.6955147935
138,751,0,776,2306,-1,-1,-1,4328.79725062614,-1,-1,-1.19450202654953E+061
139,348,0,776,2278,-1,-1,-1,4328.80001938017,-1,-1,201870.03221535
140,84,0,776,2277,-1,-1,-1,4328.87856197683,-1,-1,183314.827763057
141,387,0,776,2276,-1,-1,-1,4328.88237584289,-1,-1,158793.375466037
142,212,0,776,2275,-1,-1,-1,4328.88613164285,-1,-1,144385.022732848
143,118,0,776,2274,-1,-1,-1,4328.88991495781,-1,-1,143540.0821808
144,302,0,776,2273,-1,-1,-1,4328.89401400415,-1,-1,83644.690184818
145,166,0,776,2272,-1,-1,-1,4328.89774964703,-1,-1,55546.8891319771
146,350,0,776,2271,-1,-1,-1,4328.90146723809,-1,-1,53308.8555828824
147,258,0,776,2270,-1,-1,-1,4328.90533810994,-1,-1,40362.0445431302
148,256,0,776,2269,-1,-1,-1,4328.90934081888,-1,-1,9751.70795807446
149,120,0,776,2268,-1,-1,-1,4328.913152528,-1,-1,3496.37421515399
150,757,0,776,2267,-1,-1,-1,4331.37678432278,-1,-1,-1.08694738826326E+061
151,68,0,776,2239,-1,-1,-1,4331.3794493149,-1,-1,226900.087638938
152,46,0,776,2238,-1,-1,-1,4331.3815707881,-1,-1,224863.390381048
153,56,0,776,2237,-1,-1,-1,4331.38362763915,-1,-1,208763.763291845
154,43,0,776,2236,-1,-1,-1,4331.38571663899,-1,-1,204814.355453904
155,53,0,776,2235,-1,-1,-1,4331.38811278995,-1,-1,119081.961476722
156,41,0,776,2234,-1,-1,-1,4331.39019013708,-1,-1,112814.114462367
157,63,0,776,2233,-1,-1,-1,4331.39224655693,-1,-1,112528.94937132
158,61,0,776,2232,-1,-1,-1,4331.39434556616,-1,-1,99205.8651113183
159,58,0,776,2231,-1,-1,-1,4331.3967732531,-1,-1,95609.770262161
160,72,0,776,2230,-1,-1,-1,4331.3988148761,-1,-1,34401.9521174581
161,38,0,776,2229,-1,-1,-1,4331.40088528814,-1,-1,31983.2510648596
162,48,0,776,2228,-1,-1,-1,4331.4029225111,-1,-1,4332.0643167885
163,220,0,776,2227,-1,-1,-1,4369.93945669616,-1,-1,-1.08694739379868E+061
164,217,0,776,2226,-1,-1,-1,4395.04561113101,-1,-1,-1.08694735705028E+061
165,113,0,776,2225,-1,-1,-1,4404.35833809199,-1,-1,-1.08694734021811E+061
166,630,0,776,2224,-1,-1,-1,4410.48081284575,-1,-1,-1.08694695502586E+061
167,218,0,776,2223,-1,-1,-1,4426.44173066085,-1,-1,-1.08694416113986E+061
168,219,0,776,2212,-1,-1,-1,4426.44404364377,-1,-1,46340.1010312294
169,251,0,776,2211,-1,-1,-1,4440.53630512906,-1,-1,-1.08694415784183E+061
170,122,0,776,2210,-1,-1,-1,4449.36688101711,-1,-1,-1.08694415887641E+061
171,418,0,776,2209,-1,-1,-1,4458.71589239407,-1,-1,-1.08694409161624E+061
171,17,0,776,2207,-1,-1,-1,4471.56710727001,-1,-1,-1.08694395256818E+061
"./input/Dataset_preproc/13_ring2_r6_p_t10.cnf",,,,,,,,,,,
"p","var","value","nb_vars","nb_cls","MC","edge_count","node_count","time","WMC","logWMC","obj"
0,-1,-1,598,1892,-1,-1,-1,0.0112286657094955,-1,-1,-1
1,450,0,598,1892,-1,-1,-1,627.005716729909,-1,-1,-5.97250031148535E+055
2,534,0,598,1890,-1,-1,-1,1101.3707494447,-1,-1,-5.93713950043144E+055
3,481,0,598,1888,-1,-1,-1,1501.10674172593,-1,-1,-5.89752318949489E+055
4,524,0,598,1886,-1,-1,-1,1799.9753178088,-1,-1,-5.85519107465366E+055
5,458,0,598,1884,-1,-1,-1,1985.71241670568,-1,-1,-5.81088805464559E+055
6,321,0,598,1882,-1,-1,-1,4262.70088027976,-1,-1,-5.81088797061723E+055
7,282,0,598,1881,-1,-1,-1,6466.76842773473,-1,-1,-5.81088216350097E+055
8,241,0,598,1880,-1,-1,-1,8506.18444209173,-1,-1,-5.81086807798459E+055
9,197,0,598,1879,-1,-1,-1,10284.8107144646,-1,-1,-5.81086807798459E+055
10,236,0,598,1878,-1,-1,-1,11998.9750543409,-1,-1,-5.81079052393553E+055
11,230,0,598,1877,-1,-1,-1,13685.4538678648,-1,-1,-5.81065688147466E+055
12,301,0,598,1876,-1,-1,-1,15361.082544982,-1,-1,-5.80991887980773E+055
13,195,0,598,1875,-1,-1,-1,16783.3351463028,-1,-1,-5.80914343021082E+055
14,280,0,598,1874,-1,-1,-1,18038.011698829,-1,-1,-5.80824764880749E+055
15,119,0,598,1873,-1,-1,-1,18580.9508503317,-1,-1,-5.80714892090725E+055
16,303,0,598,1872,-1,-1,-1,19049.3477946259,-1,-1,-5.8048980833198E+055
17,273,0,598,1871,-1,-1,-1,19424.1132104406,-1,-1,-5.80231713084471E+055
18,490,0,598,1870,-1,-1,-1,19684.8572609737,-1,-1,-5.77515449156393E+055
19,555,0,598,1868,-1,-1,-1,19947.0925781149,-1,-1,-5.61160541590337E+055
20,126,1,598,1866,-1,-1,-1,20109.6249265186,-1,-1,-4.68206917455099E+055
21,589,1,598,1857,-1,-1,-1,20157.7584584579,-1,-1,-3.5951727813492E+055
22,568,0,598,1852,-1,-1,-1,20182.2192403516,-1,-1,-2.52887445536282E+055
23,142,0,598,1828,-1,-1,-1,20182.2210833677,-1,-1,210941.767355796
24,98,0,598,1827,-1,-1,-1,20182.2230046736,-1,-1,180337.112182153
25,326,0,598,1826,-1,-1,-1,20182.2246580007,-1,-1,177966.331957839
26,188,0,598,1825,-1,-1,-1,20182.226328264,-1,-1,134522.182205278
27,144,0,598,1824,-1,-1,-1,20182.2279742458,-1,-1,129298.880570941
28,190,0,598,1823,-1,-1,-1,20182.2296315129,-1,-1,125347.362256239
29,96,0,598,1822,-1,-1,-1,20182.2312762057,-1,-1,92489.4603899469
30,234,0,598,1821,-1,-1,-1,20182.2331359829,-1,-1,57662.6741129532
31,328,0,598,1820,-1,-1,-1,20182.2348044617,-1,-1,42854.0826386269
32,88,0,598,1819,-1,-1,-1,21062.3728616307,-1,-1,-2.52887445536282E+055
"./input/Dataset_preproc/13_ring2_r6_p_t7.cnf",,,,,,,,,,,
"p","var","value","nb_vars","nb_cls","MC","edge_count","node_count","time","WMC","logWMC","obj"
0,-1,-1,424,1331,-1,-1,-1,0.00902963988482952,-1,-1,-1
1,423,1,424,1331,-1,-1,-1,41.8148790639825,-1,-1,-7.97094787951751E+050
2,391,0,424,1326,-1,-1,-1,134.746414366644,-1,-1,-7.97069986099094E+050
3,119,0,424,1324,-1,-1,-1,210.652548610698,-1,-1,-7.96801550487007E+050
4,204,1,424,1323,-1,-1,-1,265.713141393848,-1,-1,-7.95576411807262E+050
5,424,1,424,1314,-1,-1,-1,293.368657407816,-1,-1,-6.81781229940538E+050
6,420,1,424,1309,-1,-1,-1,307.97029947862,-1,-1,-5.50846125264422E+050
7,236,0,424,1304,-1,-1,-1,598.854406602681,-1,-1,-5.50846125264422E+050
8,172,0,424,1303,-1,-1,-1,888.83286832599,-1,-1,-5.50846125264422E+050
9,136,0,424,1302,-1,-1,-1,1167.36960507696,-1,-1,-5.50846125264422E+050
10,66,0,424,1301,-1,-1,-1,1443.98517318303,-1,-1,-5.50846125264422E+050
11,226,0,424,1300,-1,-1,-1,1702.26227867603,-1,-1,-5.50846125264422E+050
12,141,0,424,1299,-1,-1,-1,1942.76586006302,-1,-1,-5.50846125264422E+050
13,71,0,424,1298,-1,-1,-1,2167.04268175364,-1,-1,-5.50846125264422E+050
14,207,0,424,1297,-1,-1,-1,2365.69370557275,-1,-1,-5.50846125264422E+050
15,103,0,424,1296,-1,-1,-1,2552.64484499069,-1,-1,-5.50846125264422E+050
16,200,0,424,1295,-1,-1,-1,2719.866544127,-1,-1,-5.50846125264422E+050
17,346,0,424,1294,-1,-1,-1,2872.26087196264,-1,-1,-5.50846124297236E+050
18,410,0,424,1292,-1,-1,-1,3020.52904880792,-1,-1,-5.50846022471781E+050
19,177,0,424,1268,-1,-1,-1,3020.53049334884,-1,-1,275465.973871804
20,113,0,424,1268,-1,-1,-1,3020.53175367787,-1,-1,248675.45123847
21,237,0,424,1267,-1,-1,-1,3020.53298256965,-1,-1,209415.949121184
22,115,0,424,1266,-1,-1,-1,3020.53420952894,-1,-1,198398.746225702
23,84,0,424,1265,-1,-1,-1,3020.53545579687,-1,-1,183314.827763057
24,239,0,424,1264,-1,-1,-1,3020.53668399667,-1,-1,138148.553233879
25,144,0,424,1263,-1,-1,-1,3020.53790255776,-1,-1,129298.880570941
26,206,0,424,1262,-1,-1,-1,3020.53921868978,-1,-1,127867.765902353
27,82,0,424,1262,-1,-1,-1,3020.60464869067,-1,-1,92408.9113404541
28,208,0,424,1261,-1,-1,-1,3020.6059135017,-1,-1,90049.7775681256
29,146,0,424,1260,-1,-1,-1,3020.60714994464,-1,-1,73942.2027605656
30,175,0,424,1259,-1,-1,-1,3020.60837189388,-1,-1,27038.5021169373
31,259,0,424,1258,-1,-1,-1,3140.01362939505,-1,-1,-5.5084577695998E+050
32,324,0,424,1257,-1,-1,-1,3276.77981429873,-1,-1,-5.50844303661062E+050
33,195,0,424,1255,-1,-1,-1,3391.27995101782,-1,-1,-5.50838894419735E+050
34,14,0,424,1254,-1,-1,-1,3487.02728365874,-1,-1,-5.5083106947999E+050
35,187,0,424,1253,-1,-1,-1,3574.66122661671,-1,-1,-5.50809976745568E+050
36,156,0,424,1252,-1,-1,-1,3706.40774429496,-1,-1,-5.50804373732916E+050
37,232,0,424,1251,-1,-1,-1,3816.55652755499,-1,-1,-5.50760347387235E+050
38,88,0,424,1250,-1,-1,-1,3912.32059470192,-1,-1,-5.50627264938412E+050
39,197,0,424,1249,-1,-1,-1,3992.13479986275,-1,-1,-5.50391350728336E+050
40,164,0,424,1248,-1,-1,-1,4115.69095955184,-1,-1,-5.50391350728336E+050
41,104,0,424,1247,-1,-1,-1,4232.22528538061,-1,-1,-5.50391350728336E+050
42,79,0,424,1246,-1,-1,-1,4345.94378796499,-1,-1,-5.50391350728336E+050
43,97,0,424,1245,-1,-1,-1,4443.73925696267,-1,-1,-5.50387997999093E+050
44,42,0,424,1244,-1,-1,-1,4518.87350152573,-1,-1,-5.50290460917582E+050
45,258,1,424,1243,-1,-1,-1,4587.86359497672,-1,-1,-5.4993078046993E+050
46,260,1,424,1240,-1,-1,-1,4587.8649755246,-1,-1,80071.7444373404
47,262,1,424,1237,-1,-1,-1,4587.86621781299,-1,-1,20234.5905390155
48,264,1,424,1234,-1,-1,-1,4587.86746741272,-1,-1,70938.7188594087
49,266,1,424,1231,-1,-1,-1,4587.86869533267,-1,-1,64203.5744725039
50,256,1,424,1230,-1,-1,-1,4591.82726958767,-1,-1,-5.4991142796758E+050
51,318,1,424,1227,-1,-1,-1,4626.63777457876,-1,-1,-5.49524286605254E+050
52,316,1,424,1226,-1,-1,-1,4632.83314748062,-1,-1,-5.49524286605254E+050
53,182,0,424,1223,-1,-1,-1,4661.68019600771,-1,-1,-5.48314989390058E+050
54,285,0,424,1222,-1,-1,-1,4679.26410515187,-1,-1,-5.44572437843213E+050
55,26,0,424,1221,-1,-1,-1,4693.89092997182,-1,-1,-5.34353605705756E+050
56,28,0,424,1204,-1,-1,-1,4693.89227149868,-1,-1,231521.030736313
57,27,0,424,1203,-1,-1,-1,4693.89343198482,-1,-1,191463.403313306
58,54,0,424,1202,-1,-1,-1,4693.89459094405,-1,-1,136479.598060061
59,4,0,424,1200,-1,-1,-1,4693.89577541873,-1,-1,134605.569275133
60,25,0,424,1199,-1,-1,-1,4693.89692906197,-1,-1,83266.9852289335
61,413,1,424,1198,-1,-1,-1,4705.330719864,-1,-1,-5.22675833069364E+050
62,342,1,424,1193,-1,-1,-1,4718.82584831305,-1,-1,-5.2260852530729E+050
63,344,1,424,1191,-1,-1,-1,4718.82716715196,-1,-1,190391.421077414
64,365,0,424,1190,-1,-1,-1,4729.07056081574,-1,-1,-5.21274881539305E+050
65,46,0,424,1188,-1,-1,-1,4738.17453142582,-1,-1,-5.09591593549489E+050
66,376,0,424,1186,-1,-1,-1,4746.51727818372,-1,-1,-4.79347038842577E+050
67,176,0,424,1184,-1,-1,-1,4755.63980179885,-1,-1,-4.79347038842577E+050
68,18,0,424,1183,-1,-1,-1,4763.923532065,-1,-1,-4.79345084333515E+050
69,151,0,424,1182,-1,-1,-1,4770.72953953873,-1,-1,-4.79339472495133E+050
70,51,0,424,1181,-1,-1,-1,4776.80796571681,-1,-1,-4.47922986402319E+050
71,78,0,424,1180,-1,-1,-1,4784.98816068703,-1,-1,-4.47922986402319E+050
72,230,0,424,1179,-1,-1,-1,4788.83393529663,-1,-1,-4.47922986402319E+050
73,231,0,424,1166,-1,-1,-1,4788.8353827456,-1,-1,227494.308826381
74,315,0,424,1165,-1,-1,-1,4788.8365902137,-1,-1,164073.322636161
75,314,1,424,1164,-1,-1,-1,4788.83773326874,-1,-1,125588.057694008
76,203,0,424,1161,-1,-1,-1,4788.83889648877,-1,-1,103990.538594088
77,393,0,424,1160,-1,-1,-1,4788.84003183804,-1,-1,16690.338114423
78,69,0,424,1160,-1,-1,-1,4795.92662092065,-1,-1,-4.47922986402319E+050
79,122,0,424,1159,-1,-1,-1,4802.52306935098,-1,-1,-4.47916371819233E+050
80,123,0,424,1144,-1,-1,-1,4802.52436448168,-1,-1,212253.176162273
81,348,0,424,1143,-1,-1,-1,4802.52549562603,-1,-1,201870.03221535
82,124,0,424,1142,-1,-1,-1,4802.52663139906,-1,-1,143996.954078255
83,95,0,424,1141,-1,-1,-1,4802.52777538961,-1,-1,122046.925031334
84,270,0,424,1140,-1,-1,-1,4802.5289096036,-1,-1,109667.319630168
85,292,1,424,1140,-1,-1,-1,4807.47147124587,-1,-1,-4.47795698305023E+050
86,290,1,424,1139,-1,-1,-1,4808.358133581,-1,-1,-4.47795698305023E+050
87,288,1,424,1136,-1,-1,-1,4809.83615819365,-1,-1,-4.43745365430133E+050
88,217,0,424,1133,-1,-1,-1,4813.2953827586,-1,-1,-4.43061683852755E+050
89,406,0,424,1132,-1,-1,-1,4816.09004834294,-1,-1,-4.39928740672495E+050
90,93,0,424,1112,-1,-1,-1,4816.09134095768,-1,-1,193225.540284762
91,188,0,424,1111,-1,-1,-1,4816.09242732683,-1,-1,134522.182205278
92,62,0,424,1110,-1,-1,-1,4816.09350970387,-1,-1,124219.034231336
93,157,0,424,1109,-1,-1,-1,4816.09458834771,-1,-1,100538.265359012
93,155,0,424,1107,-1,-1,-1,4816.14923981903,-1,-1,100421.560395095
"./input/Dataset_preproc/13_ring2_r6_p_t8.cnf",,,,,,,,,,,
"p","var","value","nb_vars","nb_cls","MC","edge_count","node_count","time","WMC","logWMC","obj"
0,-1,-1,482,1518,-1,-1,-1,0.0100047751329839,-1,-1,-1
1,475,1,482,1518,-1,-1,-1,29.9738278668374,-1,-1,-2.39745446755541E+059
2,411,0,482,1513,-1,-1,-1,115.873064951971,-1,-1,-2.39709723384352E+059
3,445,0,482,1511,-1,-1,-1,184.313026223797,-1,-1,-2.39584894191565E+059
4,259,0,482,1509,-1,-1,-1,416.088568373118,-1,-1,-2.3958489073697E+059
5,119,0,482,1508,-1,-1,-1,622.335843732115,-1,-1,-2.39584744269563E+059
6,241,0,482,1507,-1,-1,-1,800.243677667808,-1,-1,-2.39584093945303E+059
7,197,0,482,1506,-1,-1,-1,949.940238353796,-1,-1,-2.3957442281237E+059
8,195,0,482,1505,-1,-1,-1,1068.79436351405,-1,-1,-2.39534947363517E+059
9,187,0,482,1504,-1,-1,-1,1161.58298848895,-1,-1,-2.39404834445009E+059
10,432,0,482,1503,-1,-1,-1,1222.34100773418,-1,-1,-2.38883193263754E+059
11,364,0,482,1501,-1,-1,-1,1879.82400273485,-1,-1,-2.38883187139195E+059
12,362,0,482,1499,-1,-1,-1,2508.22247106209,-1,-1,-2.3888308645977E+059
13,230,0,482,1497,-1,-1,-1,3106.77035331819,-1,-1,-2.38882427171688E+059
14,262,0,482,1496,-1,-1,-1,3677.22498694481,-1,-1,-2.38881475230481E+059
15,280,0,482,1495,-1,-1,-1,4240.24973830394,-1,-1,-2.38880481419216E+059
16,282,0,482,1494,-1,-1,-1,4567.95538201416,-1,-1,-2.38877505185425E+059
17,236,0,482,1493,-1,-1,-1,4868.30983674806,-1,-1,-2.38873357292E+059
18,88,0,482,1492,-1,-1,-1,5098.89712822391,-1,-1,-2.38867713754757E+059
19,75,0,482,1491,-1,-1,-1,5171.76093211491,-1,-1,-2.3881846630279E+059
20,77,0,482,1476,-1,-1,-1,5171.76316089789,-1,-1,132964.442281713
21,76,0,482,1475,-1,-1,-1,5171.76454498293,-1,-1,121670.436166487
22,370,0,482,1474,-1,-1,-1,5171.76594423782,-1,-1,91804.5891425273
23,114,0,482,1472,-1,-1,-1,5171.76736107096,-1,-1,51266.2096494329
24,458,0,482,1471,-1,-1,-1,5202.43170286901,-1,-1,-2.34026978721041E+059
25,232,0,482,1447,-1,-1,-1,5202.43324528495,-1,-1,271341.107533392
26,122,0,482,1446,-1,-1,-1,5202.43466194114,-1,-1,237709.241641103
27,266,0,482,1445,-1,-1,-1,5202.43603268079,-1,-1,235796.425527496
28,268,0,482,1444,-1,-1,-1,5202.43740702979,-1,-1,230256.064318729
29,160,0,482,1443,-1,-1,-1,5202.4388013212,-1,-1,167901.637000377
30,124,0,482,1442,-1,-1,-1,5202.4402401112,-1,-1,143996.954078255
31,196,0,482,1441,-1,-1,-1,5202.44160098908,-1,-1,109229.892194593
32,194,0,482,1440,-1,-1,-1,5202.44298875006,-1,-1,99484.8158221621
33,86,0,482,1439,-1,-1,-1,5202.44434537413,-1,-1,47499.0009261851
34,158,0,482,1438,-1,-1,-1,5202.44570028596,-1,-1,33642.9621971332
35,417,0,482,1437,-1,-1,-1,5600.58252999792,-1,-1,-2.34025798314797E+059
36,210,0,482,1435,-1,-1,-1,5988.42568539083,-1,-1,-2.34020161757106E+059
37,148,0,482,1434,-1,-1,-1,6311.61613365915,-1,-1,-2.3400466243439E+059
38,66,0,482,1433,-1,-1,-1,6638.70398622612,-1,-1,-2.33986905886097E+059
39,329,0,482,1432,-1,-1,-1,6924.35161370505,-1,-1,-2.33935952476105E+059
40,321,0,482,1431,-1,-1,-1,7188.66489363415,-1,-1,-2.33761629626588E+059
41,14,0,482,1430,-1,-1,-1,7428.17610462988,-1,-1,-2.33038158810247E+059
42,202,0,482,1429,-1,-1,-1,7662.4755415679,-1,-1,-2.30514870740285E+059
43,164,0,482,1428,-1,-1,-1,8041.84932733886,-1,-1,-2.30514870740285E+059
44,103,0,482,1427,-1,-1,-1,8326.34611742198,-1,-1,-2.30514735282248E+059
45,290,1,482,1426,-1,-1,-1,8702.30856815493,-1,-1,-2.30512060611055E+059
46,292,1,482,1423,-1,-1,-1,8702.31048939098,-1,-1,261863.674296542
47,294,1,482,1420,-1,-1,-1,8702.31186017906,-1,-1,278929.095871154
48,296,1,482,1417,-1,-1,-1,8702.31322841719,-1,-1,282008.704478482
49,298,1,482,1414,-1,-1,-1,8702.3146170578,-1,-1,253816.451458939
50,300,1,482,1411,-1,-1,-1,8702.31598373502,-1,-1,178946.069502521
51,288,1,482,1410,-1,-1,-1,8733.94233539095,-1,-1,-2.30419703967561E+059
52,156,0,482,1407,-1,-1,-1,8927.65774482582,-1,-1,-2.30394482594858E+059
53,328,1,482,1406,-1,-1,-1,9156.27305858303,-1,-1,-2.30348960384502E+059
54,330,1,482,1403,-1,-1,-1,9156.27496341383,-1,-1,276044.768927701
55,207,0,482,1402,-1,-1,-1,9334.9912612699,-1,-1,-2.3027783814859E+059
56,136,0,482,1401,-1,-1,-1,9401.22553260019,-1,-1,-2.27535718429797E+059
57,226,0,482,1400,-1,-1,-1,9467.05168395117,-1,-1,-2.22773239491401E+059
58,172,0,482,1399,-1,-1,-1,9521.05718012201,-1,-1,-1.96882809732412E+059
59,104,0,482,1398,-1,-1,-1,9753.13748356001,-1,-1,-1.96882809732412E+059
60,318,1,482,1397,-1,-1,-1,9958.51096065203,-1,-1,-1.9683616924556E+059
61,320,1,482,1394,-1,-1,-1,9958.51295537176,-1,-1,150168.42625473
62,322,1,482,1392,-1,-1,-1,9958.51433281507,-1,-1,144266.713162489
63,324,1,482,1389,-1,-1,-1,9958.51567358105,-1,-1,59509.7067080157
64,326,1,482,1386,-1,-1,-1,9958.51699809497,-1,-1,122033.668042161
65,316,1,482,1384,-1,-1,-1,9965.63730950514,-1,-1,-1.96469780147501E+059
66,141,0,482,1381,-1,-1,-1,10024.187483429,-1,-1,-1.95893728005361E+059
67,325,0,482,1380,-1,-1,-1,10090.9553520191,-1,-1,-1.939863187457E+059
68,113,0,482,1379,-1,-1,-1,10324.2309273481,-1,-1,-1.93985951773785E+059
69,42,0,482,1378,-1,-1,-1,10524.069018391,-1,-1,-1.93929273636287E+059
70,286,1,482,1377,-1,-1,-1,10701.7974900738,-1,-1,-1.9349090763667E+059
71,26,0,482,1374,-1,-1,-1,10897.979295807,-1,-1,-1.9272462019767E+059
72,28,0,482,1357,-1,-1,-1,10897.9810678968,-1,-1,231521.030736313
73,27,0,482,1356,-1,-1,-1,10897.9823859148,-1,-1,191463.403313306
74,54,0,482,1355,-1,-1,-1,10897.9837092152,-1,-1,136479.598060061
75,4,0,482,1354,-1,-1,-1,10897.9850158738,-1,-1,134605.569275133
76,25,0,482,1353,-1,-1,-1,10897.9863218898,-1,-1,83266.9852289335
77,304,0,482,1352,-1,-1,-1,10994.1258434621,-1,-1,-1.91909498065417E+059
78,200,0,482,1351,-1,-1,-1,11091.2039278019,-1,-1,-1.91004535578314E+059
79,267,0,482,1350,-1,-1,-1,11184.8811572799,-1,-1,-1.89812867824341E+059
80,434,0,482,1349,-1,-1,-1,11283.6375188669,-1,-1,-1.88202829717719E+059
81,295,0,482,1347,-1,-1,-1,11377.2689148011,-1,-1,-1.85967197444153E+059
82,355,0,482,1346,-1,-1,-1,11450.5166935241,-1,-1,-1.82604217928519E+059
83,466,0,482,1345,-1,-1,-1,11513.7616667091,-1,-1,-1.78058945210241E+059
84,233,0,482,1322,-1,-1,-1,11513.7634637938,-1,-1,228525.028286276
85,231,0,482,1321,-1,-1,-1,11513.7647441728,-1,-1,227494.308826381
86,123,0,482,1320,-1,-1,-1,11513.7660330902,-1,-1,212253.176162273
87,269,0,482,1319,-1,-1,-1,11513.7673250129,-1,-1,209816.959349039
88,89,0,482,1318,-1,-1,-1,11513.7685855762,-1,-1,208569.577976671
89,87,0,482,1317,-1,-1,-1,11513.7698444808,-1,-1,192780.729995047
90,161,0,482,1316,-1,-1,-1,11513.771211179,-1,-1,168535.684686833
91,159,0,482,1315,-1,-1,-1,11513.7724738801,-1,-1,91106.6195293781
92,125,0,482,1314,-1,-1,-1,11513.7737235688,-1,-1,29426.5882017988
93,71,0,482,1313,-1,-1,-1,11577.6661004508,-1,-1,-1.72985363151229E+059
94,151,0,482,1312,-1,-1,-1,11628.8693303289,-1,-1,-1.6689933677456E+059
95,182,0,482,1311,-1,-1,-1,11672.7666641348,-1,-1,-1.61259429119355E+059
96,183,0,482,1310,-1,-1,-1,11719.2064007302,-1,-1,-1.59383610626884E+059
97,415,0,482,1296,-1,-1,-1,11719.207835536,-1,-1,189337.547495722
98,185,0,482,1295,-1,-1,-1,11719.209147796,-1,-1,159603.727782975
99,184,0,482,1294,-1,-1,-1,11719.210472852,-1,-1,56506.6955147935
100,222,0,482,1293,-1,-1,-1,11719.211725764,-1,-1,3289.64778141018
101,299,0,482,1292,-1,-1,-1,11751.5314890631,-1,-1,-1.53016074403524E+059
102,176,0,482,1291,-1,-1,-1,11784.419889037,-1,-1,-1.46654586317183E+059
103,460,1,482,1290,-1,-1,-1,11811.2975815451,-1,-1,-1.29934810535908E+059
104,452,0,482,1279,-1,-1,-1,11811.2990207151,-1,-1,48760.1674698873
105,56,0,482,1255,-1,-1,-1,11811.30027636,-1,-1,208763.763291845
106,130,0,482,1254,-1,-1,-1,11811.3014871492,-1,-1,181688.983814168
106,128,0,482,1252,-1,-1,-1,11811.3662544759,-1,-1,130692.287122565
"./input/Dataset_preproc/13_ring2_r6_p_t9.cnf",,,,,,,,,,,
"p","var","value","nb_vars","nb_cls","MC","edge_count","node_count","time","WMC","logWMC","obj"
0,-1,-1,540,1705,-1,-1,-1,0.0123867187649012,-1,-1,-1
1,495,0,540,1705,-1,-1,-1,128.627795499749,-1,-1,-3.75289688896676E+061
2,457,0,540,1703,-1,-1,-1,215.199441586155,-1,-1,-3.75289572576998E+061
3,532,1,540,1701,-1,-1,-1,258.283616319764,-1,-1,-3.72099154671275E+061
4,410,0,540,1696,-1,-1,-1,520.008506005164,-1,-1,-3.72099154505955E+061
5,406,0,540,1694,-1,-1,-1,735.542028083932,-1,-1,-3.72099146760079E+061
6,450,0,540,1692,-1,-1,-1,903.656620533206,-1,-1,-3.72099096890597E+061
7,478,0,540,1690,-1,-1,-1,1030.95599597693,-1,-1,-3.72098082345745E+061
8,476,0,540,1688,-1,-1,-1,1115.96787078492,-1,-1,-3.72093792968711E+061
9,119,0,540,1686,-1,-1,-1,1953.09791605314,-1,-1,-3.72093792962469E+061
10,210,0,540,1685,-1,-1,-1,2767.76793917175,-1,-1,-3.72093791222134E+061
11,230,0,540,1684,-1,-1,-1,3420.50086099096,-1,-1,-3.7209378858666E+061
12,273,0,540,1683,-1,-1,-1,4059.57290901104,-1,-1,-3.72093788421456E+061
13,148,0,540,1682,-1,-1,-1,4682.97872151481,-1,-1,-3.72093784698339E+061
14,282,0,540,1681,-1,-1,-1,5214.83440366015,-1,-1,-3.72093745023552E+061
15,418,0,540,1680,-1,-1,-1,5704.49415472616,-1,-1,-3.72093627302799E+061
16,88,0,540,1678,-1,-1,-1,6133.64719433105,-1,-1,-3.72093504115761E+061
17,321,0,540,1677,-1,-1,-1,6506.06815982284,-1,-1,-3.72091424669262E+061
18,187,0,540,1676,-1,-1,-1,6853.25362720015,-1,-1,-3.72075261814436E+061
19,195,0,540,1675,-1,-1,-1,7140.57603261387,-1,-1,-3.72046530259198E+061
20,469,0,540,1674,-1,-1,-1,7405.68163627712,-1,-1,-3.72006056643588E+061
21,197,0,540,1672,-1,-1,-1,7614.81742598815,-1,-1,-3.71963910558771E+061
22,236,0,540,1671,-1,-1,-1,7783.55939103616,-1,-1,-3.71963910558771E+061
23,438,0,540,1670,-1,-1,-1,7920.27141678194,-1,-1,-3.71854154695423E+061
24,226,0,540,1668,-1,-1,-1,8512.09813773306,-1,-1,-3.71854154695423E+061
25,232,0,540,1667,-1,-1,-1,9082.92948295176,-1,-1,-3.71854154455055E+061
26,207,0,540,1666,-1,-1,-1,9645.25141979009,-1,-1,-3.71854144254202E+061
27,71,0,540,1665,-1,-1,-1,10161.3250136729,-1,-1,-3.71854124710099E+061
28,164,0,540,1664,-1,-1,-1,10632.0772742131,-1,-1,-3.71854096518407E+061
29,329,0,540,1663,-1,-1,-1,11052.1173438742,-1,-1,-3.7185280930426E+061
30,501,0,540,1662,-1,-1,-1,11442.5590825421,-1,-1,-3.7185086816286E+061
31,245,0,540,1660,-1,-1,-1,11803.330067886,-1,-1,-3.71847766336255E+061
32,262,0,540,1659,-1,-1,-1,12137.483465041,-1,-1,-3.7184309676943E+061
33,141,0,540,1658,-1,-1,-1,12441.9918862232,-1,-1,-3.71666284218531E+061
34,14,0,540,1657,-1,-1,-1,12710.5588227422,-1,-1,-3.71324580103368E+061
35,241,0,540,1656,-1,-1,-1,12951.1201272178,-1,-1,-3.69491634663144E+061
36,202,0,540,1655,-1,-1,-1,13150.5626490708,-1,-1,-3.69491634663144E+061
37,325,0,540,1654,-1,-1,-1,13325.6463422431,-1,-1,-3.66313972754233E+061
38,523,1,540,1653,-1,-1,-1,13456.7999492511,-1,-1,-3.61656341233411E+061
39,318,1,540,1648,-1,-1,-1,13628.5177665772,-1,-1,-3.61326259794581E+061
40,320,1,540,1645,-1,-1,-1,13628.5196096902,-1,-1,150168.42625473
41,322,1,540,1642,-1,-1,-1,13628.5213530809,-1,-1,144266.713162489
42,324,1,540,1639,-1,-1,-1,13628.522860548,-1,-1,59509.7067080157
43,326,1,540,1636,-1,-1,-1,13628.5245663929,-1,-1,122033.668042161
44,328,1,540,1633,-1,-1,-1,13628.5260866568,-1,-1,257145.917361373
45,330,1,540,1630,-1,-1,-1,13628.5275947358,-1,-1,276044.768927701
46,332,1,540,1627,-1,-1,-1,13628.5290787001,-1,-1,271267.798219265
47,334,1,540,1624,-1,-1,-1,13628.5306174629,-1,-1,243585.993730837
48,26,0,540,1623,-1,-1,-1,13736.620225172,-1,-1,-3.60297737961016E+061
49,42,0,540,1606,-1,-1,-1,13736.6221029721,-1,-1,265314.481476211
50,28,0,540,1606,-1,-1,-1,13736.6235740092,-1,-1,231521.030736313
51,27,0,540,1605,-1,-1,-1,13736.6250421568,-1,-1,191463.403313306
52,54,0,540,1604,-1,-1,-1,13736.626530047,-1,-1,136479.598060061
53,4,0,540,1603,-1,-1,-1,13736.6280365442,-1,-1,134605.569275133
54,25,0,540,1602,-1,-1,-1,13736.629524271,-1,-1,83266.9852289335
55,51,0,540,1601,-1,-1,-1,13840.1081342879,-1,-1,-3.19433780968979E+061
56,352,1,540,1600,-1,-1,-1,13912.2322694259,-1,-1,-7.24132294369178E+060
57,354,1,540,1597,-1,-1,-1,13912.2340143542,-1,-1,73509.9115667029
58,356,1,540,1595,-1,-1,-1,13912.2355058501,-1,-1,90316.00746036
59,358,1,540,1592,-1,-1,-1,13912.2369863489,-1,-1,27655.829210511
60,360,1,540,1589,-1,-1,-1,13912.2384848292,-1,-1,109256.234926934
61,362,1,540,1586,-1,-1,-1,13912.2401656262,-1,-1,57400.716216167
62,364,1,540,1583,-1,-1,-1,13912.2416579057,-1,-1,64651.6341826979
63,366,1,540,1580,-1,-1,-1,13912.2431274359,-1,-1,222528.126643463
64,368,1,540,1578,-1,-1,-1,13912.2445951891,-1,-1,100450.923860106
65,103,0,540,1577,-1,-1,-1,14019.2225045729,-1,-1,-7.2413022316354E+060
66,480,0,540,1576,-1,-1,-1,14101.1637271112,-1,-1,-7.24127540585968E+060
67,267,0,540,1574,-1,-1,-1,14164.1124416417,-1,-1,-7.24119800765682E+060
68,355,0,540,1573,-1,-1,-1,14215.58878829,-1,-1,-7.24040604293389E+060
69,66,0,540,1572,-1,-1,-1,14252.187408274,-1,-1,-1.33154705764088E+059
70,508,0,540,1571,-1,-1,-1,14272.8771029799,-1,-1,-8.02387866247379E+058
71,191,0,540,1547,-1,-1,-1,14272.878938002,-1,-1,238171.281766418
72,68,0,540,1546,-1,-1,-1,14272.8805885511,-1,-1,226900.087638938
73,271,0,540,1545,-1,-1,-1,14272.882263945,-1,-1,215629.565564127
74,150,0,540,1544,-1,-1,-1,14272.8836865402,-1,-1,48226.9956584749
75,107,0,540,1543,-1,-1,-1,14272.8851080942,-1,-1,46048.1324187834
76,109,0,540,1542,-1,-1,-1,14272.8865380799,-1,-1,43664.2537426486
77,189,0,540,1541,-1,-1,-1,14272.8879609979,-1,-1,20420.3555769966
78,85,1,540,1540,-1,-1,-1,14282.2594016409,-1,-1,-2.28707336383526E+055
79,126,1,540,1531,-1,-1,-1,14282.6281671212,-1,-1,0
80,475,1,540,1522,-1,-1,-1,14286.069909086,-1,-1,0
81,477,1,540,1520,-1,-1,-1,14286.0714205089,-1,-1,193746.756504934
82,479,1,540,1518,-1,-1,-1,14286.072833024,-1,-1,228063.077375701
83,481,1,540,1516,-1,-1,-1,14286.0742644072,-1,-1,26949.5601217092
84,483,1,540,1514,-1,-1,-1,14286.075653967,-1,-1,219780.365187879
85,485,1,540,1512,-1,-1,-1,14286.077243458,-1,-1,15570.2841402622
86,487,1,540,1510,-1,-1,-1,14286.0786484568,-1,-1,135326.503865963
87,437,1,540,1509,-1,-1,-1,14289.1597326878,-1,-1,0
88,439,1,540,1507,-1,-1,-1,14289.1612699288,-1,-1,187562.55994164
89,441,1,540,1505,-1,-1,-1,14289.1626629499,-1,-1,127055.414692978
90,443,1,540,1503,-1,-1,-1,14289.1640409278,-1,-1,260494.413051734
91,445,1,540,1501,-1,-1,-1,14289.16564256,-1,-1,6172.84721808699
92,447,1,540,1499,-1,-1,-1,14289.1670155949,-1,-1,259344.083272082
93,449,1,540,1497,-1,-1,-1,14289.168391915,-1,-1,157046.264497506
94,451,1,540,1495,-1,-1,-1,14289.1698483718,-1,-1,28028.1206283227
95,453,1,540,1493,-1,-1,-1,14289.1712240749,-1,-1,123079.71527077
96,341,1,540,1492,-1,-1,-1,14292.1158748209,-1,-1,0
97,343,1,540,1489,-1,-1,-1,14292.1176272011,-1,-1,104639.194826097
98,345,1,540,1486,-1,-1,-1,14292.1189973298,-1,-1,82152.6634959227
99,347,1,540,1483,-1,-1,-1,14292.120362177,-1,-1,100901.858699038
100,349,1,540,1481,-1,-1,-1,14292.1217548358,-1,-1,264682.830358985
101,351,1,540,1478,-1,-1,-1,14292.1231138511,-1,-1,212886.968567729
102,513,1,540,1477,-1,-1,-1,14294.9639383848,-1,-1,0
103,522,0,540,1466,-1,-1,-1,14294.965478451,-1,-1,178578.154207876
104,299,0,540,1442,-1,-1,-1,14294.9669415979,-1,-1,262823.097022817
105,176,0,540,1441,-1,-1,-1,14294.9682881041,-1,-1,261410.640747186
106,217,0,540,1440,-1,-1,-1,14294.9696914512,-1,-1,245511.347197853
107,215,0,540,1439,-1,-1,-1,14294.9710324691,-1,-1,176529.233037349
108,133,0,540,1438,-1,-1,-1,14294.9723754688,-1,-1,119790.429649923
109,94,0,540,1437,-1,-1,-1,14294.9737332291,-1,-1,71235.6558643699
110,174,0,540,1436,-1,-1,-1,14294.9750804151,-1,-1,53548.7660398326
111,297,0,540,1435,-1,-1,-1,14294.9764127359,-1,-1,50185.1408150362
112,258,0,540,1434,-1,-1,-1,14294.9777730079,-1,-1,40362.0445431302
113,256,0,540,1433,-1,-1,-1,14294.9790991507,-1,-1,9751.70795807446
114,135,0,540,1432,-1,-1,-1,14294.9804297388,-1,-1,4943.51723893333
115,92,0,540,1431,-1,-1,-1,14294.9846198508,-1,-1,1392.45538979477
116,304,0,540,1430,-1,-1,-1,14297.2828815528,-1,-1,0
117,391,0,540,1429,-1,-1,-1,14298.3532503159,-1,-1,0
118,371,1,540,1428,-1,-1,-1,14299.3528465708,-1,-1,0
119,373,1,540,1425,-1,-1,-1,14299.3543627048,-1,-1,69805.9136678643
119,375,1,540,1421,-1,-1,-1,14299.403014991,-1,-1,233330.705266412
"./input/Dataset_preproc/13_ring2_r8_p_t10.cnf",,,,,,,,,,,
"p","var","value","nb_vars","nb_cls","MC","edge_count","node_count","time","WMC","logWMC","obj"
0,-1,-1,784,2527,-1,-1,-1,0.0150558110326529,-1,-1,-1
1,31,0,784,2527,-1,-1,-1,2603.59320965223,-1,-1,-6.62920410928379E+070
2,33,0,784,2508,-1,-1,-1,2603.59559823386,-1,-1,170741.171001107
3,32,0,784,2507,-1,-1,-1,2603.5977510782,-1,-1,169889.648196142
4,54,0,784,2506,-1,-1,-1,2603.60024903482,-1,-1,136479.598060061
5,70,0,784,2505,-1,-1,-1,2603.602422236,-1,-1,128262.912752558
6,30,0,784,2503,-1,-1,-1,2603.60459032515,-1,-1,110707.162843654
7,39,0,784,2502,-1,-1,-1,2603.60676046321,-1,-1,16751.9945388361
8,779,1,784,2501,-1,-1,-1,4111.64552142378,-1,-1,-6.50446660814242E+070
9,615,0,784,2494,-1,-1,-1,8311.51830165321,-1,-1,-6.50446147568438E+070
10,720,0,784,2492,-1,-1,-1,11638.939032319,-1,-1,-6.50443465257932E+070
11,672,0,784,2490,-1,-1,-1,14252.7613837151,-1,-1,-6.50433594650656E+070
12,775,1,784,2488,-1,-1,-1,16198.0795593229,-1,-1,-6.17825525815725E+070
13,780,1,784,2482,-1,-1,-1,17434.7642666549,-1,-1,-5.24316739322489E+070
14,781,1,784,2475,-1,-1,-1,18034.164562569,-1,-1,-4.40248389849863E+070
"./input/Dataset_preproc/13_ring2_r8_p_t6.cnf",,,,,,,,,,,
"p","var","value","nb_vars","nb_cls","MC","edge_count","node_count","time","WMC","logWMC","obj"
0,-1,-1,480,1531,-1,-1,-1,0.0105880838818848,-1,-1,-1
1,475,1,480,1531,-1,-1,-1,52.6116426349618,-1,-1,-1.47150077160558E+050
2,411,0,480,1524,-1,-1,-1,91.8212087829597,-1,-1,-1.46240064881507E+050
3,31,0,480,1522,-1,-1,-1,119.999805298634,-1,-1,-1.41495927720408E+050
4,33,0,480,1503,-1,-1,-1,120.001355523709,-1,-1,170741.171001107
5,32,0,480,1502,-1,-1,-1,120.002774612978,-1,-1,169889.648196142
6,54,0,480,1501,-1,-1,-1,120.004174334928,-1,-1,136479.598060061
7,70,0,480,1500,-1,-1,-1,120.00556248473,-1,-1,128262.912752558
8,30,0,480,1499,-1,-1,-1,120.007080787793,-1,-1,110707.162843654
9,39,0,480,1498,-1,-1,-1,120.008464531042,-1,-1,16751.9945388361
10,195,0,480,1497,-1,-1,-1,519.737441845704,-1,-1,-1.41495927671101E+050
11,241,0,480,1496,-1,-1,-1,833.338687106036,-1,-1,-1.41495926335409E+050
12,273,0,480,1495,-1,-1,-1,1143.62543432368,-1,-1,-1.41495924942432E+050
13,230,0,480,1494,-1,-1,-1,1381.6053133728,-1,-1,-1.41495903928996E+050
14,418,0,480,1493,-1,-1,-1,1480.58175028907,-1,-1,-1.41495876293923E+050
15,148,0,480,1491,-1,-1,-1,1757.21016117465,-1,-1,-1.41495812834157E+050
16,75,0,480,1490,-1,-1,-1,1925.93528566975,-1,-1,-1.41495721219494E+050
17,259,0,480,1489,-1,-1,-1,2131.28473224584,-1,-1,-1.41495721219494E+050
18,321,0,480,1488,-1,-1,-1,2273.70102345478,-1,-1,-1.41495496752736E+050
19,451,0,480,1487,-1,-1,-1,2361.29659074964,-1,-1,-1.41494735913799E+050
20,301,0,480,1485,-1,-1,-1,2508.22539467504,-1,-1,-1.41494735876381E+050
21,119,0,480,1484,-1,-1,-1,2626.42819958366,-1,-1,-1.41494730028731E+050
22,97,0,480,1469,-1,-1,-1,2626.4297745158,-1,-1,254661.764295576
23,389,0,480,1468,-1,-1,-1,2626.43118878687,-1,-1,97489.4619271884
24,121,0,480,1466,-1,-1,-1,2626.4325943389,-1,-1,28397.527301517
25,120,0,480,1465,-1,-1,-1,2626.43396735564,-1,-1,3496.37421515399
26,436,0,480,1464,-1,-1,-1,2785.55703999987,-1,-1,-1.41493107165072E+050
27,236,0,480,1462,-1,-1,-1,2883.78308155574,-1,-1,-1.41487472195348E+050
28,282,0,480,1461,-1,-1,-1,3003.33710020687,-1,-1,-1.41481246039523E+050
29,438,0,480,1460,-1,-1,-1,3061.75820487365,-1,-1,-1.41470712782241E+050
30,262,0,480,1458,-1,-1,-1,3217.67200475093,-1,-1,-1.41470661917373E+050
31,376,0,480,1457,-1,-1,-1,3363.73656553589,-1,-1,-1.41466068615063E+050
32,245,0,480,1455,-1,-1,-1,3545.50451484788,-1,-1,-1.41466068615063E+050
33,226,0,480,1454,-1,-1,-1,3742.20892937202,-1,-1,-1.41464172846425E+050
34,172,0,480,1453,-1,-1,-1,3963.00878898567,-1,-1,-1.41458350302001E+050
35,141,0,480,1452,-1,-1,-1,4078.24397497578,-1,-1,-1.41436218551878E+050
36,136,0,480,1451,-1,-1,-1,4218.64720153296,-1,-1,-1.4137425658602E+050
37,164,0,480,1450,-1,-1,-1,4482.116340701,-1,-1,-1.4137425658602E+050
38,200,0,480,1449,-1,-1,-1,4666.81550351484,-1,-1,-1.4137425658602E+050
39,71,0,480,1448,-1,-1,-1,4850.55932717584,-1,-1,-1.4129888787217E+050
40,207,0,480,1447,-1,-1,-1,4995.54510808596,-1,-1,-1.41217725522986E+050
41,103,0,480,1446,-1,-1,-1,5079.46895532403,-1,-1,-1.41120544211743E+050
42,232,0,480,1445,-1,-1,-1,5154.60604853882,-1,-1,-1.41017274734798E+050
43,14,0,480,1444,-1,-1,-1,5232.91257554805,-1,-1,-1.40906144958045E+050
44,36,0,480,1443,-1,-1,-1,5282.60354016908,-1,-1,-1.40787100699156E+050
45,56,0,480,1425,-1,-1,-1,5282.60506910272,-1,-1,208763.763291845
46,35,0,480,1424,-1,-1,-1,5282.60643370776,-1,-1,172250.912911252
47,37,0,480,1423,-1,-1,-1,5282.60781348497,-1,-1,172094.607911158
48,4,0,480,1422,-1,-1,-1,5282.60916406196,-1,-1,134605.569275133
49,72,0,480,1421,-1,-1,-1,5282.61051573698,-1,-1,34401.9521174581
50,38,0,480,1420,-1,-1,-1,5282.61187589681,-1,-1,31983.2510648596
51,446,0,480,1419,-1,-1,-1,5282.61321847886,-1,-1,24570.895212268
52,210,0,480,1418,-1,-1,-1,5329.04159585992,-1,-1,-1.40654340330375E+050
53,281,1,480,1417,-1,-1,-1,5360.40482040588,-1,-1,-1.40490869089878E+050
54,283,1,480,1414,-1,-1,-1,5360.40640852693,-1,-1,38087.4093107884
55,285,1,480,1411,-1,-1,-1,5360.40777392406,-1,-1,13768.5696606512
56,287,1,480,1408,-1,-1,-1,5360.40918991296,-1,-1,291313.842153039
57,289,1,480,1406,-1,-1,-1,5360.41056889389,-1,-1,213048.49539621
58,291,1,480,1403,-1,-1,-1,5360.411904932,-1,-1,128944.001365975
59,267,0,480,1402,-1,-1,-1,5377.91542286566,-1,-1,-1.40291002396078E+050
60,458,0,480,1401,-1,-1,-1,5385.31575795263,-1,-1,-1.39821618142056E+050
61,178,0,480,1369,-1,-1,-1,5385.31727952976,-1,-1,258475.328165523
62,154,0,480,1368,-1,-1,-1,5385.31863013795,-1,-1,208059.074001133
63,100,0,480,1367,-1,-1,-1,5385.3199639027,-1,-1,196963.195785503
64,180,0,480,1366,-1,-1,-1,5385.32128280168,-1,-1,172707.941675702
65,128,0,480,1365,-1,-1,-1,5385.32262463495,-1,-1,130692.287122565
66,206,0,480,1364,-1,-1,-1,5385.32401961088,-1,-1,127867.765902353
67,76,0,480,1363,-1,-1,-1,5385.32533708587,-1,-1,121670.436166487
68,102,0,480,1362,-1,-1,-1,5385.32666756399,-1,-1,100012.634950779
69,74,0,480,1361,-1,-1,-1,5385.32798125269,-1,-1,82975.0925430136
70,152,0,480,1360,-1,-1,-1,5385.32929014368,-1,-1,65700.6186000128
71,258,0,480,1359,-1,-1,-1,5385.33061260264,-1,-1,40362.0445431302
72,256,0,480,1358,-1,-1,-1,5385.33191879187,-1,-1,9751.70795807446
73,126,0,480,1357,-1,-1,-1,5385.33322891407,-1,-1,4910.73452648303
74,204,0,480,1356,-1,-1,-1,5385.33453565789,-1,-1,1174.10178965237
75,444,0,480,1355,-1,-1,-1,5450.54403923266,-1,-1,-1.39821534881872E+050
76,276,0,480,1353,-1,-1,-1,5507.18652318185,-1,-1,-1.39820890110011E+050
77,431,0,480,1352,-1,-1,-1,5568.09067975078,-1,-1,-1.39819937387078E+050
78,217,0,480,1350,-1,-1,-1,5642.79579049489,-1,-1,-1.39819937387078E+050
79,296,1,480,1349,-1,-1,-1,5671.39088125387,-1,-1,-1.39814678569547E+050
80,298,1,480,1346,-1,-1,-1,5671.39231368573,-1,-1,253816.451458939
81,300,1,480,1343,-1,-1,-1,5671.39362260699,-1,-1,178946.069502521
82,302,1,480,1341,-1,-1,-1,5671.39494609693,-1,-1,216355.309815182
83,294,1,480,1341,-1,-1,-1,5674.74789559003,-1,-1,-1.39814678200758E+050
84,292,1,480,1338,-1,-1,-1,5681.25708084367,-1,-1,-1.39813513226645E+050
85,295,0,480,1335,-1,-1,-1,5708.20390889002,-1,-1,-1.39813299149148E+050
86,433,0,480,1334,-1,-1,-1,5732.2778361598,-1,-1,-1.39795355002184E+050
87,299,0,480,1332,-1,-1,-1,5750.81335792877,-1,-1,-1.39702102074343E+050
88,318,1,480,1331,-1,-1,-1,5766.92273611482,-1,-1,-1.39526875354704E+050
89,320,1,480,1328,-1,-1,-1,5766.92413739488,-1,-1,150168.42625473
90,322,1,480,1325,-1,-1,-1,5766.9254874778,-1,-1,144266.713162489
91,324,1,480,1323,-1,-1,-1,5766.92678022198,-1,-1,59509.7067080157
92,316,1,480,1322,-1,-1,-1,5768.86273164302,-1,-1,-1.3952518272837E+050
93,304,0,480,1319,-1,-1,-1,5776.93453701865,-1,-1,-1.39176326294122E+050
94,466,0,480,1318,-1,-1,-1,5784.64384875167,-1,-1,-1.38827153355204E+050
95,113,0,480,1286,-1,-1,-1,5784.64537160564,-1,-1,248675.45123847
96,191,0,480,1285,-1,-1,-1,5784.64663830772,-1,-1,238171.281766418
97,269,0,480,1284,-1,-1,-1,5784.64789426699,-1,-1,209816.959349039
98,111,0,480,1283,-1,-1,-1,5784.64914757293,-1,-1,204963.630864486
99,87,0,480,1282,-1,-1,-1,5784.65039713494,-1,-1,192780.729995047
100,215,0,480,1281,-1,-1,-1,5784.65166818583,-1,-1,176529.233037349
101,137,0,480,1280,-1,-1,-1,5784.65291634481,-1,-1,171495.817589715
102,139,0,480,1279,-1,-1,-1,5784.65423268778,-1,-1,164809.05284438
103,163,0,480,1278,-1,-1,-1,5784.65550367907,-1,-1,130307.399632235
104,165,0,480,1277,-1,-1,-1,5784.65673946263,-1,-1,125198.673641579
105,85,0,480,1276,-1,-1,-1,5784.65797389066,-1,-1,22460.2531158042
106,189,0,480,1275,-1,-1,-1,5784.65925352974,-1,-1,20420.3555769966
106,243,0,480,1273,-1,-1,-1,5784.71484597586,-1,-1,3501.43961328376
"./input/Dataset_preproc/13_ring2_r8_p_t7.cnf",,,,,,,,,,,
"p","var","value","nb_vars","nb_cls","MC","edge_count","node_count","time","WMC","logWMC","obj"
0,-1,-1,556,1780,-1,-1,-1,0.0117093888111413,-1,-1,-1
1,478,0,556,1780,-1,-1,-1,520.237346160691,-1,-1,-2.54931547126409E+054
2,445,0,556,1778,-1,-1,-1,983.323880645912,-1,-1,-2.54931133805101E+054
3,458,0,556,1776,-1,-1,-1,1322.82099366188,-1,-1,-2.54930457699698E+054
4,495,0,556,1774,-1,-1,-1,1573.6783904098,-1,-1,-2.54919807375379E+054
5,550,1,556,1772,-1,-1,-1,1736.65405487595,-1,-1,-2.48520669772366E+054
6,31,0,556,1765,-1,-1,-1,1865.70669333078,-1,-1,-4.45011484405913E+052
7,33,0,556,1746,-1,-1,-1,1865.70861197775,-1,-1,170741.171001107
8,32,0,556,1745,-1,-1,-1,1865.7101757396,-1,-1,169889.648196142
9,54,0,556,1744,-1,-1,-1,1865.71171702072,-1,-1,136479.598060061
10,70,0,556,1743,-1,-1,-1,1865.71328804269,-1,-1,128262.912752558
11,30,0,556,1742,-1,-1,-1,1865.7148248977,-1,-1,110707.162843654
12,39,0,556,1741,-1,-1,-1,1865.7164445268,-1,-1,16751.9945388361
13,301,0,556,1740,-1,-1,-1,2754.56476654764,-1,-1,-4.45011480969292E+052
14,432,0,556,1739,-1,-1,-1,3499.83951574191,-1,-1,-4.45011472099539E+052
15,273,0,556,1737,-1,-1,-1,4149.36289718468,-1,-1,-4.45011281046572E+052
16,75,0,556,1736,-1,-1,-1,4725.11946736695,-1,-1,-4.45010965737476E+052
17,504,0,556,1735,-1,-1,-1,5226.70375094889,-1,-1,-4.45010570562444E+052
18,282,0,556,1733,-1,-1,-1,5637.36909867078,-1,-1,-4.45008584742494E+052
19,303,0,556,1732,-1,-1,-1,5977.55338589987,-1,-1,-4.4500270472425E+052
20,187,0,556,1731,-1,-1,-1,6222.41419334197,-1,-1,-4.44983978841885E+052
21,527,0,556,1730,-1,-1,-1,6430.2317397627,-1,-1,-4.44930333069228E+052
22,230,0,556,1728,-1,-1,-1,7042.28891121363,-1,-1,-4.44930262218354E+052
23,236,0,556,1727,-1,-1,-1,7609.7494253898,-1,-1,-4.44930072483893E+052
24,469,0,556,1726,-1,-1,-1,8095.07004838996,-1,-1,-4.44929603954293E+052
25,210,0,556,1724,-1,-1,-1,8530.70358389989,-1,-1,-4.44928662431824E+052
26,280,0,556,1723,-1,-1,-1,8934.29859083099,-1,-1,-4.44924031683091E+052
27,534,0,556,1722,-1,-1,-1,9011.6757732979,-1,-1,-4.43428793885279E+052
28,156,0,556,1690,-1,-1,-1,9011.67750977073,-1,-1,266582.348517685
29,220,0,556,1689,-1,-1,-1,9011.67902032565,-1,-1,243928.875321985
30,251,0,556,1688,-1,-1,-1,9011.68055153778,-1,-1,237525.510978319
31,127,0,556,1687,-1,-1,-1,9011.68226921186,-1,-1,222737.380753775
32,313,0,556,1686,-1,-1,-1,9011.68377219467,-1,-1,210526.382004801
33,218,0,556,1685,-1,-1,-1,9011.68529603491,-1,-1,203604.330148071
34,311,0,556,1684,-1,-1,-1,9011.68679419998,-1,-1,128355.969604662
35,96,0,556,1683,-1,-1,-1,9011.68831051188,-1,-1,92489.4603899469
36,94,0,556,1682,-1,-1,-1,9011.68980268761,-1,-1,71235.6558643699
37,249,0,556,1681,-1,-1,-1,9011.69150080998,-1,-1,60323.1800354961
38,158,0,556,1680,-1,-1,-1,9011.69301507762,-1,-1,33642.9621971332
39,125,0,556,1679,-1,-1,-1,9011.69450248871,-1,-1,29426.5882017988
40,189,0,556,1678,-1,-1,-1,9011.69599081762,-1,-1,20420.3555769966
41,148,0,556,1677,-1,-1,-1,9270.7581684906,-1,-1,-4.43409347407328E+052
42,285,0,556,1676,-1,-1,-1,9494.70294000162,-1,-1,-4.43234637257075E+052
43,436,0,556,1675,-1,-1,-1,9662.72476862697,-1,-1,-4.43055947772242E+052
44,177,0,556,1673,-1,-1,-1,10388.1644089636,-1,-1,-4.43055947772242E+052
45,176,0,556,1672,-1,-1,-1,10493.4221304827,-1,-1,-4.43054362620764E+052
46,178,0,556,1657,-1,-1,-1,10493.4237891966,-1,-1,258475.328165523
47,365,0,556,1656,-1,-1,-1,10493.4252939727,-1,-1,216592.921876789
48,149,0,556,1655,-1,-1,-1,10493.4267693679,-1,-1,87390.7813671762
49,141,0,556,1654,-1,-1,-1,11127.242659241,-1,-1,-4.43054362620764E+052
50,226,0,556,1653,-1,-1,-1,11545.6094589229,-1,-1,-4.43050913251074E+052
51,241,0,556,1652,-1,-1,-1,11700.1765750526,-1,-1,-4.42564065535306E+052
52,531,0,556,1651,-1,-1,-1,11827.8491092129,-1,-1,-4.41377024440172E+052
53,172,0,556,1620,-1,-1,-1,11827.8507960378,-1,-1,276255.311778538
54,267,0,556,1619,-1,-1,-1,11827.8522977866,-1,-1,268366.240168365
55,79,0,556,1618,-1,-1,-1,11827.8539806558,-1,-1,254078.845462568
56,81,0,556,1617,-1,-1,-1,11827.8554540579,-1,-1,204370.072085437
57,112,0,556,1616,-1,-1,-1,11827.8569522495,-1,-1,193720.597322496
58,265,0,556,1615,-1,-1,-1,11827.8584235669,-1,-1,187712.345296366
59,110,0,556,1614,-1,-1,-1,11827.8598905769,-1,-1,184548.656617272
60,203,0,556,1613,-1,-1,-1,11827.8613762315,-1,-1,103990.538594088
61,205,0,556,1612,-1,-1,-1,11827.8630472268,-1,-1,69180.7988778113
62,234,0,556,1611,-1,-1,-1,11827.8645352996,-1,-1,57662.6741129532
63,174,0,556,1610,-1,-1,-1,11827.8659922807,-1,-1,53548.7660398326
64,298,0,556,1609,-1,-1,-1,11827.8674483937,-1,-1,46183.5485410608
65,143,0,556,1608,-1,-1,-1,11827.8689667699,-1,-1,21724.7279543558
66,296,0,556,1607,-1,-1,-1,11827.8704194729,-1,-1,17991.2955215179
67,195,0,556,1606,-1,-1,-1,11879.0601783046,-1,-1,-4.39333613191118E+052
68,525,0,556,1605,-1,-1,-1,12136.2500254256,-1,-1,-4.39333595070209E+052
69,232,0,556,1603,-1,-1,-1,12382.7247576029,-1,-1,-4.39333330857304E+052
70,243,1,556,1602,-1,-1,-1,12392.5171045526,-1,-1,-3.89739286861594E+052
71,537,0,556,1593,-1,-1,-1,12394.0940039898,-1,-1,-3.68925248323386E+050
72,137,0,556,1561,-1,-1,-1,12394.0958238458,-1,-1,171495.817589715
73,139,0,556,1560,-1,-1,-1,12394.0975045539,-1,-1,164809.05284438
74,199,0,556,1559,-1,-1,-1,12394.0989251817,-1,-1,158126.099328463
75,261,0,556,1558,-1,-1,-1,12394.1003873409,-1,-1,149378.669901977
76,201,0,556,1557,-1,-1,-1,12394.1018100609,-1,-1,137209.222263448
77,108,0,556,1556,-1,-1,-1,12394.1032370166,-1,-1,134022.796560986
78,77,0,556,1555,-1,-1,-1,12394.1046937248,-1,-1,132964.442281713
79,170,0,556,1554,-1,-1,-1,12394.1063255207,-1,-1,127780.852455011
80,106,0,556,1553,-1,-1,-1,12394.1726365136,-1,-1,101530.699000127
81,292,0,556,1552,-1,-1,-1,12394.1740800859,-1,-1,38136.3257034578
82,168,0,556,1551,-1,-1,-1,12394.1754993266,-1,-1,21727.0261273831
83,294,0,556,1550,-1,-1,-1,12394.1769505749,-1,-1,21070.904128846
84,263,0,556,1549,-1,-1,-1,12394.1783579299,-1,-1,2090.02167156248
85,406,0,556,1548,-1,-1,-1,12426.1360309417,-1,-1,-3.68925248323386E+050
86,14,0,556,1547,-1,-1,-1,12458.5448947568,-1,-1,-3.68925248323386E+050
87,136,0,556,1546,-1,-1,-1,12489.1565999626,-1,-1,-3.68925248323386E+050
88,304,0,556,1545,-1,-1,-1,12517.9051329438,-1,-1,-3.68925248323386E+050
89,358,0,556,1544,-1,-1,-1,12545.5758537375,-1,-1,-3.68925248323386E+050
90,182,0,556,1543,-1,-1,-1,12572.5429741167,-1,-1,-3.68925248323386E+050
91,480,0,556,1542,-1,-1,-1,12594.956768706,-1,-1,-3.68925248323386E+050
92,471,0,556,1540,-1,-1,-1,12614.7513388926,-1,-1,-3.68925248323386E+050
93,456,0,556,1538,-1,-1,-1,12633.4641754259,-1,-1,-3.68925248323386E+050
94,11,0,556,1536,-1,-1,-1,12650.8966577579,-1,-1,-3.68925248323386E+050
95,46,0,556,1518,-1,-1,-1,12650.89838087,-1,-1,224863.390381048
96,10,0,556,1517,-1,-1,-1,12650.8997575119,-1,-1,182364.744541755
97,13,0,556,1516,-1,-1,-1,12650.901376728,-1,-1,168428.326596113
98,19,0,556,1515,-1,-1,-1,12650.9027406136,-1,-1,140534.587847448
99,62,0,556,1514,-1,-1,-1,12650.9041869766,-1,-1,124219.034231336
100,12,0,556,1513,-1,-1,-1,12650.9055563929,-1,-1,81285.0877847875
101,164,0,556,1512,-1,-1,-1,12667.2464713757,-1,-1,-3.68915837946235E+050
102,405,1,556,1511,-1,-1,-1,12682.063245398,-1,-1,-3.68879554786518E+050
103,407,1,556,1508,-1,-1,-1,12682.0650019548,-1,-1,212134.518080303
104,409,1,556,1505,-1,-1,-1,12682.0663831169,-1,-1,133266.318398394
105,411,1,556,1502,-1,-1,-1,12682.0677529406,-1,-1,12204.9571474143
106,403,1,556,1501,-1,-1,-1,12684.5719019766,-1,-1,-3.68877914328869E+050
107,410,0,556,1498,-1,-1,-1,12688.0410079118,-1,-1,-3.68759799567491E+050
108,434,0,556,1497,-1,-1,-1,12698.9436679538,-1,-1,-3.68759799567491E+050
109,42,0,556,1495,-1,-1,-1,12708.0535150399,-1,-1,-3.68663791606042E+050
110,262,0,556,1494,-1,-1,-1,12716.5180238658,-1,-1,-3.68210464657528E+050
111,71,0,556,1493,-1,-1,-1,12722.6193380649,-1,-1,-3.61814164917576E+050
112,200,0,556,1492,-1,-1,-1,12734.6348823337,-1,-1,-3.61814164917576E+050
113,202,0,556,1491,-1,-1,-1,12746.6457874468,-1,-1,-3.61814164917576E+050
114,376,0,556,1481,-1,-1,-1,12746.6473039826,-1,-1,239879.605511204
115,175,0,556,1480,-1,-1,-1,12746.6489167996,-1,-1,27038.5021169373
116,204,0,556,1479,-1,-1,-1,12746.650248847,-1,-1,1174.10178965237
117,299,0,556,1478,-1,-1,-1,12758.1411345438,-1,-1,-3.61814164917576E+050
118,283,0,556,1477,-1,-1,-1,12769.3247334845,-1,-1,-3.61814164917576E+050
119,132,0,556,1476,-1,-1,-1,12779.634989528,-1,-1,-3.61814164917576E+050
120,276,0,556,1475,-1,-1,-1,12789.2942459919,-1,-1,-3.61814164917576E+050
121,151,0,556,1474,-1,-1,-1,12797.9943770198,-1,-1,-3.61814164917576E+050
122,18,0,556,1473,-1,-1,-1,12806.0459580356,-1,-1,-3.61814164917576E+050
122,501,0,556,1470,-1,-1,-1,12813.6661348487,-1,-1,-3.54430691951265E+050
"./input/Dataset_preproc/13_ring2_r8_p_t8.cnf",,,,,,,,,,,
"p","var","value","nb_vars","nb_cls","MC","edge_count","node_count","time","WMC","logWMC","obj"
0,-1,-1,632,2029,-1,-1,-1,0.0121011398732662,-1,-1,-1
1,587,0,632,2029,-1,-1,-1,1776.6636893549,-1,-1,-3.69029613162129E+062
2,548,0,632,2027,-1,-1,-1,3258.20988389291,-1,-1,-3.69029604845145E+062
3,599,0,632,2025,-1,-1,-1,4631.09784462582,-1,-1,-3.69029586789764E+062
4,531,0,632,2023,-1,-1,-1,5608.74088669056,-1,-1,-3.69029266223697E+062
5,567,0,632,2021,-1,-1,-1,6322.86153281666,-1,-1,-3.69027789161663E+062
6,31,0,632,2019,-1,-1,-1,6760.94549750863,-1,-1,-3.2750456421625E+062
7,33,0,632,2000,-1,-1,-1,6760.94761307398,-1,-1,170741.171001107
8,32,0,632,1999,-1,-1,-1,6760.94943623291,-1,-1,169889.648196142
9,54,0,632,1998,-1,-1,-1,6760.95120745664,-1,-1,136479.598060061
10,70,0,632,1997,-1,-1,-1,6760.95299329981,-1,-1,128262.912752558
11,30,0,632,1995,-1,-1,-1,6760.95474269381,-1,-1,110707.162843654
12,39,0,632,1994,-1,-1,-1,6760.95652415697,-1,-1,16751.9945388361
13,66,0,632,1993,-1,-1,-1,7419.47253177362,-1,-1,-3.27497115701515E+062
14,303,0,632,1991,-1,-1,-1,10197.4404249648,-1,-1,-3.27497115592327E+062
15,75,0,632,1990,-1,-1,-1,12687.870085971,-1,-1,-3.27497113324324E+062
16,241,0,632,1989,-1,-1,-1,14810.3116872106,-1,-1,-3.27497109891689E+062
17,282,0,632,1988,-1,-1,-1,16607.9232440307,-1,-1,-3.27497098113074E+062
18,301,0,632,1987,-1,-1,-1,18230.3649116149,-1,-1,-3.27497084566289E+062
19,187,0,632,1986,-1,-1,-1,19602.6355174729,-1,-1,-3.27496913048975E+062
20,527,0,632,1985,-1,-1,-1,20660.4136514277,-1,-1,-3.27494913743181E+062
21,537,0,632,1983,-1,-1,-1,21520.8535124706,-1,-1,-3.27489624431417E+062
"./input/Dataset_preproc/13_ring2_r8_p_t9.cnf",,,,,,,,,,,
"p","var","value","nb_vars","nb_cls","MC","edge_count","node_count","time","WMC","logWMC","obj"
0,-1,-1,708,2278,-1,-1,-1,0.0143509870395064,-1,-1,-1
1,708,1,708,2278,-1,-1,-1,1334.92001784733,-1,-1,-1.06658937346553E+070
2,31,0,708,2271,-1,-1,-1,2641.58264701022,-1,-1,-1.0604802542384E+070
3,33,0,708,2252,-1,-1,-1,2641.58486638311,-1,-1,170741.171001107
4,32,0,708,2251,-1,-1,-1,2641.58682302013,-1,-1,169889.648196142
5,54,0,708,2250,-1,-1,-1,2641.58899716707,-1,-1,136479.598060061
6,70,0,708,2249,-1,-1,-1,2641.59098031325,-1,-1,128262.912752558
7,30,0,708,2247,-1,-1,-1,2641.59302633908,-1,-1,110707.162843654
8,39,0,708,2246,-1,-1,-1,2641.59497887595,-1,-1,16751.9945388361
9,701,1,708,2245,-1,-1,-1,3480.88902330631,-1,-1,-1.02014168864241E+070
10,548,0,708,2238,-1,-1,-1,6023.27753405599,-1,-1,-1.020141688325E+070
11,599,0,708,2236,-1,-1,-1,8134.54096645396,-1,-1,-1.02014115128417E+070
12,567,0,708,2234,-1,-1,-1,9849.629291608,-1,-1,-1.02013781879096E+070
13,66,0,708,2232,-1,-1,-1,11112.1245372519,-1,-1,-1.01796415003649E+070
14,705,1,708,2230,-1,-1,-1,11533.845520284,-1,-1,-9.52252345740881E+069
"./input/Dataset_preproc/13_ring_4_p_t10.cnf",,,,,,,,,,,
"p","var","value","nb_vars","nb_cls","MC","edge_count","node_count","time","WMC","logWMC","obj"
0,-1,-1,632,1673,-1,-1,-1,0.0115499757230282,-1,-1,-1
1,438,0,632,1673,-1,-1,-1,259.87156490609,-1,-1,-1.75958024078688E+082
2,457,0,632,1671,-1,-1,-1,468.275490934029,-1,-1,-1.75953089332289E+082
3,410,0,632,1669,-1,-1,-1,623.866527338047,-1,-1,-1.75751886891474E+082
4,619,1,632,1667,-1,-1,-1,760.60155350389,-1,-1,-1.75259224690626E+082
5,450,0,632,1664,-1,-1,-1,893.194651672151,-1,-1,-1.73887152144833E+082
6,42,0,632,1662,-1,-1,-1,984.873327480164,-1,-1,-1.7388715184456E+082
7,406,0,632,1660,-1,-1,-1,1054.24460391514,-1,-1,-1.72319029215093E+082
8,614,1,632,1658,-1,-1,-1,1082.86375238514,-1,-1,-1.66535272878578E+082
9,259,0,632,1655,-1,-1,-1,1701.45021096803,-1,-1,-1.66535272878453E+082
10,119,0,632,1654,-1,-1,-1,2303.53439420508,-1,-1,-1.66535272878455E+082
11,197,0,632,1653,-1,-1,-1,2886.70348114287,-1,-1,-1.66535266639963E+082
12,262,0,632,1652,-1,-1,-1,3456.84100521682,-1,-1,-1.66535255355787E+082
13,210,0,632,1651,-1,-1,-1,3957.67078536795,-1,-1,-1.66535235811906E+082
14,14,0,632,1650,-1,-1,-1,4387.60210189316,-1,-1,-1.66535179523502E+082
15,177,0,632,1649,-1,-1,-1,4805.34151028376,-1,-1,-1.66535093981037E+082
16,301,0,632,1648,-1,-1,-1,5155.54222039413,-1,-1,-1.66534365945172E+082
17,303,0,632,1647,-1,-1,-1,5506.75490530999,-1,-1,-1.66533535179726E+082
18,148,0,632,1646,-1,-1,-1,5853.44377530599,-1,-1,-1.66532537220164E+082
19,419,0,632,1631,-1,-1,-1,5853.44558885088,-1,-1,191454.820340593
20,106,0,632,1629,-1,-1,-1,5853.4471110641,-1,-1,101530.699000127
21,149,0,632,1628,-1,-1,-1,5853.44859913178,-1,-1,87390.7813671762
22,150,0,632,1627,-1,-1,-1,5853.45007397607,-1,-1,48226.9956584749
23,282,0,632,1626,-1,-1,-1,6097.16358765587,-1,-1,-1.66530214547938E+082
24,136,0,632,1625,-1,-1,-1,6354.54666502494,-1,-1,-1.66524898883925E+082
25,172,0,632,1624,-1,-1,-1,6524.52682828717,-1,-1,-1.66517536586077E+082
26,202,0,632,1623,-1,-1,-1,6692.37903471384,-1,-1,-1.66509696900222E+082
27,141,0,632,1622,-1,-1,-1,6933.51001666673,-1,-1,-1.66496831558543E+082
28,187,0,632,1621,-1,-1,-1,7147.51673371904,-1,-1,-1.66478937027891E+082
29,236,0,632,1620,-1,-1,-1,7352.94785855012,-1,-1,-1.66460821003451E+082
30,241,0,632,1619,-1,-1,-1,7531.11650849972,-1,-1,-1.66438997012997E+082
31,164,0,632,1618,-1,-1,-1,7675.53210005816,-1,-1,-1.66415486943906E+082
32,230,0,632,1617,-1,-1,-1,7802.20042480575,-1,-1,-1.66381060518558E+082
33,207,0,632,1616,-1,-1,-1,7922.38533418579,-1,-1,-1.66220017923636E+082
34,608,0,632,1615,-1,-1,-1,8011.64620996779,-1,-1,-1.65880121058039E+082
35,167,0,632,1599,-1,-1,-1,8011.64805523073,-1,-1,198880.084965717
36,213,0,632,1598,-1,-1,-1,8011.6495142919,-1,-1,172239.691740024
37,165,0,632,1597,-1,-1,-1,8011.65111176204,-1,-1,125198.673641579
38,257,0,632,1596,-1,-1,-1,8011.65255737212,-1,-1,104774.890057112
39,211,0,632,1595,-1,-1,-1,8011.65399788972,-1,-1,62310.2094466228
40,121,0,632,1594,-1,-1,-1,8011.65545822075,-1,-1,28397.527301517
41,51,0,632,1593,-1,-1,-1,8085.72322137607,-1,-1,-1.65407928360922E+082
42,533,0,632,1591,-1,-1,-1,8085.72488809703,-1,-1,115198.056730006
43,534,0,632,1590,-1,-1,-1,8085.72644830309,-1,-1,282318.156419094
44,535,0,632,1589,-1,-1,-1,8085.72791889217,-1,-1,101649.368460906
45,536,0,632,1588,-1,-1,-1,8085.72937329393,-1,-1,186489.18879143
46,537,0,632,1587,-1,-1,-1,8085.73083183402,-1,-1,259298.010862478
47,538,0,632,1586,-1,-1,-1,8085.73228371795,-1,-1,130900.622130242
48,539,0,632,1585,-1,-1,-1,8085.73375522485,-1,-1,81876.0148490009
49,540,0,632,1584,-1,-1,-1,8085.73532778677,-1,-1,98662.0186589635
50,541,0,632,1583,-1,-1,-1,8085.73675175104,-1,-1,225746.053949893
51,542,0,632,1582,-1,-1,-1,8085.73817421589,-1,-1,142540.133564128
52,226,0,632,1582,-1,-1,-1,8135.96841952391,-1,-1,-1.64844370668672E+082
53,168,1,632,1581,-1,-1,-1,8181.77177660307,-1,-1,-1.64152334668799E+082
54,599,0,632,1573,-1,-1,-1,8194.79250055877,-1,-1,-1.64037348099863E+082
55,217,0,632,1557,-1,-1,-1,8194.79437409807,-1,-1,245511.347197853
56,123,0,632,1557,-1,-1,-1,8194.79584516212,-1,-1,212253.176162273
57,215,0,632,1556,-1,-1,-1,8194.79726684606,-1,-1,176529.233037349
58,261,0,632,1555,-1,-1,-1,8194.79869604204,-1,-1,149378.669901977
59,169,0,632,1554,-1,-1,-1,8194.80013782578,-1,-1,74784.8998970496
60,171,0,632,1554,-1,-1,-1,8194.80155869201,-1,-1,74506.8033621245
61,125,0,632,1553,-1,-1,-1,8194.80311116204,-1,-1,29426.5882017988
62,263,0,632,1552,-1,-1,-1,8194.80452589179,-1,-1,2090.02167156248
63,273,0,632,1551,-1,-1,-1,8210.72135761613,-1,-1,-1.62665105881065E+082
64,31,0,632,1550,-1,-1,-1,8224.50491744606,-1,-1,-1.59469746682732E+082
65,44,0,632,1546,-1,-1,-1,8224.50658978708,-1,-1,175552.13641391
66,612,0,632,1544,-1,-1,-1,8235.25507089216,-1,-1,-1.55904244557736E+082
67,233,0,632,1528,-1,-1,-1,8235.25677588489,-1,-1,228525.028286276
68,231,0,632,1527,-1,-1,-1,8235.25816449989,-1,-1,227494.308826381
69,139,0,632,1526,-1,-1,-1,8235.25959791988,-1,-1,164809.05284438
70,185,0,632,1525,-1,-1,-1,8235.26098424708,-1,-1,159603.727782975
71,277,0,632,1524,-1,-1,-1,8235.262368422,-1,-1,120770.067491888
72,279,0,632,1523,-1,-1,-1,8235.26377826789,-1,-1,110384.851559482
73,621,1,632,1522,-1,-1,-1,8244.06513886107,-1,-1,-1.52056246363158E+082
74,195,0,632,1520,-1,-1,-1,8249.26722079795,-1,-1,-1.46817975610339E+082
75,204,1,632,1519,-1,-1,-1,8252.71878162585,-1,-1,-1.40250900597323E+082
76,267,0,632,1510,-1,-1,-1,8259.7247547498,-1,-1,-1.40250900597323E+082
77,610,0,632,1509,-1,-1,-1,8260.42245242279,-1,-1,-1.11453401606798E+082
78,223,0,632,1493,-1,-1,-1,8260.42403845396,-1,-1,229020.056488344
79,269,0,632,1492,-1,-1,-1,8260.42553228093,-1,-1,209816.959349039
80,221,0,632,1491,-1,-1,-1,8260.42697631009,-1,-1,174812.681728997
81,131,0,632,1490,-1,-1,-1,8260.42834002292,-1,-1,80678.0892466329
82,129,0,632,1489,-1,-1,-1,8260.42969674617,-1,-1,57909.3947588463
83,175,0,632,1488,-1,-1,-1,8260.43107387982,-1,-1,27038.5021169373
84,103,0,632,1487,-1,-1,-1,8271.78742651781,-1,-1,-1.11453401606798E+082
85,156,0,632,1486,-1,-1,-1,8281.43188670697,-1,-1,-1.11453401606798E+082
86,200,0,632,1485,-1,-1,-1,8292.51768445689,-1,-1,-1.11453401606798E+082
87,182,0,632,1484,-1,-1,-1,8303.15390431183,-1,-1,-1.11453401606798E+082
88,113,0,632,1483,-1,-1,-1,8311.91804988217,-1,-1,-1.11453401606798E+082
89,448,0,632,1482,-1,-1,-1,8319.58050727611,-1,-1,-1.11453401606798E+082
90,402,0,632,1480,-1,-1,-1,8326.82991475985,-1,-1,-1.11453401606798E+082
91,444,0,632,1478,-1,-1,-1,8333.9165725559,-1,-1,-1.11453401606798E+082
92,17,0,632,1476,-1,-1,-1,8341.12054907111,-1,-1,-1.11453401606798E+082
93,104,0,632,1475,-1,-1,-1,8348.63506061304,-1,-1,-1.11453367804921E+082
94,437,1,632,1474,-1,-1,-1,8356.83079188876,-1,-1,-1.11453109535162E+082
95,439,1,632,1472,-1,-1,-1,8356.83277943078,-1,-1,187562.55994164
96,441,1,632,1470,-1,-1,-1,8356.8345789751,-1,-1,127055.414692978
97,443,1,632,1468,-1,-1,-1,8356.83637993084,-1,-1,260494.413051734
98,445,1,632,1466,-1,-1,-1,8356.83816204593,-1,-1,6172.84721808699
99,447,1,632,1464,-1,-1,-1,8356.83994912217,-1,-1,259344.083272082
100,449,1,632,1462,-1,-1,-1,8356.84181746189,-1,-1,157046.264497506
101,451,1,632,1460,-1,-1,-1,8356.843611205,-1,-1,28028.1206283227
102,453,1,632,1458,-1,-1,-1,8356.84538366506,-1,-1,123079.71527077
103,176,0,632,1457,-1,-1,-1,8362.80636116583,-1,-1,-1.11452515740815E+082
104,318,1,632,1456,-1,-1,-1,8365.06216456881,-1,-1,-1.11449544235123E+082
105,316,1,632,1455,-1,-1,-1,8365.63426318299,-1,-1,-1.11447804749047E+082
106,471,0,632,1452,-1,-1,-1,8367.42199699488,-1,-1,-1.10785405765242E+082
107,594,0,632,1450,-1,-1,-1,8368.95113517484,-1,-1,-9.60568733465522E+081
108,100,0,632,1435,-1,-1,-1,8368.95325150807,-1,-1,196963.195785503
109,98,0,632,1434,-1,-1,-1,8368.95514192386,-1,-1,180337.112182153
110,144,0,632,1433,-1,-1,-1,8368.95700993389,-1,-1,129298.880570941
111,190,0,632,1432,-1,-1,-1,8368.95889918273,-1,-1,125347.362256239
112,192,0,632,1431,-1,-1,-1,8368.96087339614,-1,-1,84672.7313161327
113,146,0,632,1430,-1,-1,-1,8369.13805534597,-1,-1,73942.2027605656
114,238,0,632,1429,-1,-1,-1,8369.13995105494,-1,-1,5825.34042171371
115,173,1,632,1428,-1,-1,-1,8370.21057612682,-1,-1,-8.28648532345724E+081
116,609,0,632,1422,-1,-1,-1,8370.21237355191,-1,-1,186996.900823097
117,264,0,632,1408,-1,-1,-1,8370.21399959782,-1,-1,229061.281140591
118,218,0,632,1407,-1,-1,-1,8370.21562775178,-1,-1,203604.330148071
119,216,0,632,1406,-1,-1,-1,8370.21723659197,-1,-1,155692.117348454
120,124,0,632,1405,-1,-1,-1,8370.21885509184,-1,-1,143996.954078255
121,170,0,632,1404,-1,-1,-1,8370.22046004701,-1,-1,127780.852455011
122,126,0,632,1404,-1,-1,-1,8370.22205470083,-1,-1,4910.73452648303
123,600,0,632,1404,-1,-1,-1,8370.70348490914,-1,-1,-1.70468314994033E+078
124,220,0,632,1389,-1,-1,-1,8370.70518115209,-1,-1,243928.875321985
125,266,0,632,1388,-1,-1,-1,8370.70666273683,-1,-1,235796.425527496
126,268,0,632,1387,-1,-1,-1,8370.70816081995,-1,-1,230256.064318729
127,130,0,632,1386,-1,-1,-1,8370.70963319112,-1,-1,181688.983814168
128,128,0,632,1385,-1,-1,-1,8370.71111772908,-1,-1,130692.287122565
129,174,0,632,1384,-1,-1,-1,8370.71258828882,-1,-1,53548.7660398326
130,178,1,632,1384,-1,-1,-1,8370.71406002715,-1,-1,41524.6718344769
131,611,0,632,1378,-1,-1,-1,8370.71556800697,-1,-1,100041.864301502
132,272,0,632,1362,-1,-1,-1,8370.71705684299,-1,-1,191316.971707027
133,274,0,632,1361,-1,-1,-1,8370.71850827802,-1,-1,190284.262221791
134,180,0,632,1360,-1,-1,-1,8370.71997059975,-1,-1,172707.941675702
135,228,0,632,1360,-1,-1,-1,8370.72148639895,-1,-1,149335.099403164
136,134,0,632,1359,-1,-1,-1,8370.72293644818,-1,-1,40240.6625090206
137,222,0,632,1358,-1,-1,-1,8370.72437394504,-1,-1,3289.64778141018
138,355,0,632,1358,-1,-1,-1,8372.34538239287,-1,-1,-1.70468314994033E+078
139,18,0,632,1357,-1,-1,-1,8373.75376036484,-1,-1,-1.70468314986688E+078
139,342,1,632,1353,-1,-1,-1,8375.11422696896,-1,-1,-1.70461381933881E+078
"./input/Dataset_preproc/13_ring_5_p_t10.cnf",,,,,,,,,,,
"p","var","value","nb_vars","nb_cls","MC","edge_count","node_count","time","WMC","logWMC","obj"
0,-1,-1,780,2091,-1,-1,-1,0.0193428816273808,-1,-1,-1
1,587,0,780,2091,-1,-1,-1,500.213885296602,-1,-1,-5.61724355670323E+089
2,764,1,780,2089,-1,-1,-1,1060.70251673274,-1,-1,-5.505949136258E+089
3,51,0,780,2085,-1,-1,-1,1623.29117498174,-1,-1,-5.50594913602357E+089
4,524,0,780,2083,-1,-1,-1,1976.9736822308,-1,-1,-5.50579158333536E+089
5,562,0,780,2081,-1,-1,-1,2237.70577175682,-1,-1,-5.17856383828795E+089
6,768,1,780,2079,-1,-1,-1,2335.49939212762,-1,-1,-4.64526543233995E+089
7,148,0,780,2075,-1,-1,-1,5188.79624105478,-1,-1,-4.64526542951546E+089
8,195,0,780,2074,-1,-1,-1,7663.14972613566,-1,-1,-4.64526542580228E+089
9,285,0,780,2073,-1,-1,-1,9801.52189601585,-1,-1,-4.64526541138414E+089
10,282,0,780,2072,-1,-1,-1,11715.95482367,-1,-1,-4.64526531199939E+089
11,303,0,780,2071,-1,-1,-1,13481.7608824209,-1,-1,-4.64526506903252E+089
12,321,0,780,2070,-1,-1,-1,15166.9428641647,-1,-1,-4.6452647241547E+089
13,390,0,780,2069,-1,-1,-1,16615.8824964208,-1,-1,-4.64526412792862E+089
14,241,0,780,2068,-1,-1,-1,18209.043298977,-1,-1,-4.64526349660087E+089
15,230,0,780,2067,-1,-1,-1,19050.1122287959,-1,-1,-4.64526001798652E+089
16,280,0,780,2066,-1,-1,-1,19780.4074828476,-1,-1,-4.64525623441819E+089
17,537,0,780,2065,-1,-1,-1,20408.3418365987,-1,-1,-4.64523423300109E+089
18,329,0,780,2063,-1,-1,-1,20961.3426870066,-1,-1,-4.64513695640919E+089
19,238,1,780,2062,-1,-1,-1,21394.2389052138,-1,-1,-4.64511643370124E+089
20,757,0,780,2053,-1,-1,-1,21424.4710627897,-1,-1,-4.64511048539052E+089
21,242,0,780,2033,-1,-1,-1,21424.4846198787,-1,-1,154527.166967232
22,240,0,780,2032,-1,-1,-1,21424.486426082,-1,-1,112107.191487043
23,196,0,780,2032,-1,-1,-1,21424.4883178547,-1,-1,109229.892194593
24,194,0,780,2032,-1,-1,-1,21424.4901386416,-1,-1,99484.8158221621
25,286,0,780,2031,-1,-1,-1,21424.4919022368,-1,-1,86700.391921347
26,334,0,780,2030,-1,-1,-1,21424.4937225468,-1,-1,56414.0062691627
27,150,0,780,2029,-1,-1,-1,21424.4954992086,-1,-1,48226.9956584749
28,288,0,780,2028,-1,-1,-1,21424.497297389,-1,-1,38495.1200573078
29,332,0,780,2027,-1,-1,-1,21424.499182113,-1,-1,28732.2017807347
"./input/Dataset_preproc/13_ring_5_p_t8.cnf",,,,,,,,,,,
"p","var","value","nb_vars","nb_cls","MC","edge_count","node_count","time","WMC","logWMC","obj"
0,-1,-1,632,1679,-1,-1,-1,0.0111162080429494,-1,-1,-1
1,411,0,632,1679,-1,-1,-1,210.296931829303,-1,-1,-1.3854473507286E+085
2,458,0,632,1677,-1,-1,-1,373.86767640803,-1,-1,-1.38544672467665E+085
3,432,0,632,1675,-1,-1,-1,552.023696854245,-1,-1,-1.38544670780948E+085
4,445,0,632,1673,-1,-1,-1,715.679979369976,-1,-1,-1.38542433295776E+085
5,624,1,632,1671,-1,-1,-1,807.744439807255,-1,-1,-1.36897450986813E+085
6,621,1,632,1667,-1,-1,-1,869.612842660397,-1,-1,-1.34292334630087E+085
7,618,1,632,1664,-1,-1,-1,916.383929280098,-1,-1,-1.25656647787667E+085
8,51,0,632,1660,-1,-1,-1,977.489479748066,-1,-1,-1.2565664712087E+085
9,619,1,632,1658,-1,-1,-1,991.517595351208,-1,-1,-1.1528676935072E+085
10,259,0,632,1654,-1,-1,-1,1422.20107250242,-1,-1,-1.15286769350719E+085
11,262,0,632,1653,-1,-1,-1,1851.56204293016,-1,-1,-1.15286769350537E+085
12,164,0,632,1652,-1,-1,-1,2282.2603983134,-1,-1,-1.15286769350262E+085
13,210,0,632,1651,-1,-1,-1,2646.905403696,-1,-1,-1.15286769349524E+085
14,417,0,632,1650,-1,-1,-1,3019.6918532243,-1,-1,-1.15286769269522E+085
15,232,0,632,1648,-1,-1,-1,3286.68813487329,-1,-1,-1.15286769162304E+085
16,187,0,632,1647,-1,-1,-1,3534.82672454417,-1,-1,-1.15286768974689E+085
17,119,0,632,1646,-1,-1,-1,3736.98135641403,-1,-1,-1.15286768630457E+085
18,195,0,632,1645,-1,-1,-1,3935.43156562839,-1,-1,-1.15286767959112E+085
19,236,0,632,1644,-1,-1,-1,4065.13312693406,-1,-1,-1.15286762205421E+085
20,148,0,632,1643,-1,-1,-1,4150.05085190432,-1,-1,-1.15286753897837E+085
21,197,0,632,1642,-1,-1,-1,4226.0300902254,-1,-1,-1.15286744608175E+085
22,282,0,632,1641,-1,-1,-1,4323.62744950643,-1,-1,-1.15286730206419E+085
23,615,0,632,1640,-1,-1,-1,4348.56555830641,-1,-1,-1.15286665905133E+085
24,176,0,632,1620,-1,-1,-1,4348.56724998634,-1,-1,261410.640747186
25,138,0,632,1619,-1,-1,-1,4348.56881534029,-1,-1,238637.142136072
26,248,0,632,1618,-1,-1,-1,4348.57025744114,-1,-1,197450.815930495
27,246,0,632,1617,-1,-1,-1,4348.57171994308,-1,-1,161427.371529465
28,212,0,632,1616,-1,-1,-1,4348.57315489417,-1,-1,144385.022732848
29,140,0,632,1615,-1,-1,-1,4348.57459022943,-1,-1,135670.928211344
30,284,0,632,1614,-1,-1,-1,4348.57604805613,-1,-1,66851.2615288193
31,174,0,632,1613,-1,-1,-1,4348.57759174425,-1,-1,53548.7660398326
32,230,0,632,1612,-1,-1,-1,4410.43961235927,-1,-1,-1.15286633668662E+085
33,273,0,632,1611,-1,-1,-1,4460.23467469402,-1,-1,-1.15286594736947E+085
34,610,0,632,1610,-1,-1,-1,4494.66388837807,-1,-1,-1.15282993560731E+085
35,151,0,632,1590,-1,-1,-1,4494.66554358602,-1,-1,250218.634737914
36,113,0,632,1589,-1,-1,-1,4494.66693838732,-1,-1,248675.45123847
37,223,0,632,1588,-1,-1,-1,4494.66845086124,-1,-1,229020.056488344
38,115,0,632,1587,-1,-1,-1,4494.66983863618,-1,-1,198398.746225702
39,221,0,632,1586,-1,-1,-1,4494.67122690519,-1,-1,174812.681728997
40,185,0,632,1585,-1,-1,-1,4494.67262240499,-1,-1,159603.727782975
41,257,0,632,1584,-1,-1,-1,4494.67410177412,-1,-1,104774.890057112
42,149,0,632,1583,-1,-1,-1,4494.67556520738,-1,-1,87390.7813671762
43,202,0,632,1582,-1,-1,-1,4576.56497259438,-1,-1,-1.15282993560731E+085
44,226,0,632,1581,-1,-1,-1,4673.07889225008,-1,-1,-1.15282894213174E+085
45,14,0,632,1580,-1,-1,-1,4733.48130733101,-1,-1,-1.1528217232015E+085
46,31,0,632,1579,-1,-1,-1,4778.65187725332,-1,-1,-1.15266447418849E+085
47,47,0,632,1575,-1,-1,-1,4778.65349489404,-1,-1,155089.720721189
48,241,0,632,1573,-1,-1,-1,4813.7450327971,-1,-1,-1.15090395084019E+085
49,207,0,632,1572,-1,-1,-1,4939.81229453115,-1,-1,-1.15090395084019E+085
50,456,0,632,1571,-1,-1,-1,5055.25438578427,-1,-1,-1.15090395084019E+085
51,178,0,632,1569,-1,-1,-1,5157.53913663235,-1,-1,-1.15090394328014E+085
52,267,0,632,1568,-1,-1,-1,5251.1265872214,-1,-1,-1.15090393516563E+085
53,612,0,632,1567,-1,-1,-1,5257.45866996609,-1,-1,-1.14435587443982E+085
54,233,0,632,1547,-1,-1,-1,5257.460346343,-1,-1,228525.028286276
55,231,0,632,1546,-1,-1,-1,5257.46184637724,-1,-1,227494.308826381
56,123,0,632,1545,-1,-1,-1,5257.4632716584,-1,-1,212253.176162273
57,269,0,632,1544,-1,-1,-1,5257.46465736814,-1,-1,209816.959349039
58,161,0,632,1543,-1,-1,-1,5257.46602797136,-1,-1,168535.684686833
59,159,0,632,1542,-1,-1,-1,5257.46745870914,-1,-1,91106.6195293781
60,125,0,632,1541,-1,-1,-1,5257.46882221522,-1,-1,29426.5882017988
61,260,0,632,1540,-1,-1,-1,5334.61004923517,-1,-1,-1.14435586928698E+085
62,469,0,632,1526,-1,-1,-1,5334.61175145116,-1,-1,250332.008781386
63,354,0,632,1525,-1,-1,-1,5334.61313591804,-1,-1,226490.088433297
64,261,0,632,1524,-1,-1,-1,5334.61451091431,-1,-1,149378.669901977
65,228,0,632,1523,-1,-1,-1,5334.61593300337,-1,-1,149335.099403164
66,276,0,632,1522,-1,-1,-1,5399.52463729307,-1,-1,-1.14435585732887E+085
67,132,0,632,1521,-1,-1,-1,5453.70404339721,-1,-1,-1.14435582787069E+085
68,156,0,632,1520,-1,-1,-1,5498.06309249438,-1,-1,-1.14435566823587E+085
69,304,0,632,1519,-1,-1,-1,5535.51487921132,-1,-1,-1.14435547933237E+085
70,18,0,632,1518,-1,-1,-1,5580.1910503814,-1,-1,-1.1443552160807E+085
71,245,0,632,1517,-1,-1,-1,5608.87329599215,-1,-1,-1.14435459944159E+085
72,283,0,632,1516,-1,-1,-1,5632.17994432431,-1,-1,-1.14435459944159E+085
73,249,1,632,1515,-1,-1,-1,5658.45676458906,-1,-1,-1.14433491777007E+085
74,616,0,632,1507,-1,-1,-1,5666.66652350035,-1,-1,-1.1443034055604E+085
75,217,0,632,1487,-1,-1,-1,5666.66813432798,-1,-1,245511.347197853
76,251,0,632,1487,-1,-1,-1,5666.66946840519,-1,-1,237525.510978319
77,179,0,632,1487,-1,-1,-1,5666.67079949612,-1,-1,180186.38696916
78,215,0,632,1486,-1,-1,-1,5666.67216752702,-1,-1,176529.233037349
79,145,0,632,1485,-1,-1,-1,5666.67360711424,-1,-1,162776.400742916
80,181,0,632,1484,-1,-1,-1,5666.67495166836,-1,-1,131334.486380728
81,289,0,632,1483,-1,-1,-1,5666.67630235525,-1,-1,86951.5046037904
82,253,0,632,1482,-1,-1,-1,5666.67762321699,-1,-1,85319.6174537085
83,143,0,632,1481,-1,-1,-1,5666.67899176339,-1,-1,21724.7279543558
84,287,0,632,1480,-1,-1,-1,5666.68033786304,-1,-1,8686.15784696132
85,177,0,632,1479,-1,-1,-1,5679.97365502315,-1,-1,-1.1443034055604E+085
86,434,0,632,1469,-1,-1,-1,5679.97513557132,-1,-1,218556.043947076
87,216,0,632,1468,-1,-1,-1,5679.97650898714,-1,-1,155692.117348454
88,319,0,632,1467,-1,-1,-1,5679.97785392124,-1,-1,133189.573870456
89,358,0,632,1466,-1,-1,-1,5693.09540494112,-1,-1,-1.14420833880548E+085
90,350,1,632,1465,-1,-1,-1,5704.67568675335,-1,-1,-1.14282078284844E+085
91,200,0,632,1464,-1,-1,-1,5712.68283843901,-1,-1,-1.14121411083871E+085
92,126,1,632,1463,-1,-1,-1,5717.99156412808,-1,-1,-1.13704640840905E+085
93,141,0,632,1455,-1,-1,-1,5724.32125812816,-1,-1,-1.13704640840905E+085
94,142,0,632,1445,-1,-1,-1,5724.32279019104,-1,-1,210941.767355796
95,419,0,632,1444,-1,-1,-1,5724.32416184805,-1,-1,191454.820340593
96,180,0,632,1443,-1,-1,-1,5724.32553314324,-1,-1,172707.941675702
97,182,0,632,1442,-1,-1,-1,5724.32682713121,-1,-1,263326.935110248
98,136,0,632,1442,-1,-1,-1,5726.16342865909,-1,-1,-1.13704640840905E+085
99,137,0,632,1432,-1,-1,-1,5726.16491209343,-1,-1,171495.817589715
100,302,0,632,1431,-1,-1,-1,5726.16619998124,-1,-1,83644.690184818
101,175,0,632,1430,-1,-1,-1,5726.16755704628,-1,-1,27038.5021169373
102,122,0,632,1429,-1,-1,-1,5727.63695836812,-1,-1,-1.13704640840905E+085
103,471,0,632,1428,-1,-1,-1,5728.9955712161,-1,-1,-1.13254826132503E+085
104,191,0,632,1426,-1,-1,-1,5730.70426373836,-1,-1,-1.13254826132503E+085
105,26,0,632,1425,-1,-1,-1,5732.10389681207,-1,-1,-1.13240789131249E+085
106,28,0,632,1409,-1,-1,-1,5732.10538623715,-1,-1,231521.030736313
107,55,0,632,1408,-1,-1,-1,5732.10666348832,-1,-1,197170.849867707
108,27,0,632,1406,-1,-1,-1,5732.10805760417,-1,-1,191463.403313306
109,9,0,632,1405,-1,-1,-1,5732.10932783829,-1,-1,155720.429554692
110,40,0,632,1404,-1,-1,-1,5732.11060067918,-1,-1,149448.997234699
111,25,0,632,1403,-1,-1,-1,5732.11191168008,-1,-1,83266.9852289335
112,406,0,632,1402,-1,-1,-1,5733.28342003329,-1,-1,-1.12918473832899E+085
113,46,0,632,1401,-1,-1,-1,5733.28484780109,-1,-1,224863.390381048
114,61,1,632,1400,-1,-1,-1,5733.28612300009,-1,-1,200794.134888682
115,521,1,632,1399,-1,-1,-1,5733.28745974042,-1,-1,185155.82656598
116,522,1,632,1398,-1,-1,-1,5733.28873062134,-1,-1,121421.845792124
117,523,1,632,1397,-1,-1,-1,5733.28999746218,-1,-1,297743.530777532
118,524,1,632,1396,-1,-1,-1,5733.2913160841,-1,-1,29655.3853676959
119,525,1,632,1395,-1,-1,-1,5733.29261557432,-1,-1,66180.9953421607
120,526,1,632,1394,-1,-1,-1,5733.29395308718,-1,-1,96796.5393370951
121,527,1,632,1393,-1,-1,-1,5733.78723049909,-1,-1,44316.8530918861
122,528,1,632,1392,-1,-1,-1,5733.78852211032,-1,-1,85265.7703594666
123,290,1,632,1392,-1,-1,-1,5734.84734332515,-1,-1,-1.12480414560383E+085
124,288,1,632,1391,-1,-1,-1,5735.76333958609,-1,-1,-1.12480414560383E+085
125,608,1,632,1390,-1,-1,-1,5735.76472638827,-1,-1,66883.8710003259
126,285,0,632,1385,-1,-1,-1,5735.7660002443,-1,-1,286231.430339349
127,250,1,632,1376,-1,-1,-1,5735.76748735225,-1,-1,239653.899363919
128,364,0,632,1375,-1,-1,-1,5735.76872859523,-1,-1,235348.365817302
129,254,0,632,1374,-1,-1,-1,5735.76996509731,-1,-1,176844.064375822
130,213,0,632,1374,-1,-1,-1,5735.771199896,-1,-1,172239.691740024
131,218,0,632,1364,-1,-1,-1,5735.77254523011,-1,-1,203604.330148071
132,252,0,632,1364,-1,-1,-1,5735.77378877206,-1,-1,166989.689459636
133,449,0,632,1364,-1,-1,-1,5735.77506130142,-1,-1,142953.735502494
134,144,0,632,1363,-1,-1,-1,5735.776315975,-1,-1,129298.880570941
135,286,0,632,1363,-1,-1,-1,5735.77754154336,-1,-1,86700.391921347
136,146,0,632,1363,-1,-1,-1,5735.77876979439,-1,-1,73942.2027605656
137,479,0,632,1363,-1,-1,-1,5735.78001483623,-1,-1,71936.9226242988
138,214,0,632,1362,-1,-1,-1,5735.78124785936,-1,-1,63543.8479195604
139,334,0,632,1362,-1,-1,-1,5735.78247965733,-1,-1,56414.0062691627
139,172,0,632,1351,-1,-1,-1,5737.01108914241,-1,-1,-1.12480414560383E+085
"./input/Dataset_preproc/13_ring_5_p_t9.cnf",,,,,,,,,,,
"p","var","value","nb_vars","nb_cls","MC","edge_count","node_count","time","WMC","logWMC","obj"
0,-1,-1,706,1885,-1,-1,-1,0.0116674830205739,-1,-1,-1
1,458,0,706,1885,-1,-1,-1,80.6315628741868,-1,-1,-1.25270922995821E+083
2,697,1,706,1883,-1,-1,-1,122.537813378964,-1,-1,-1.24836070881159E+083
3,119,0,706,1879,-1,-1,-1,674.999062694144,-1,-1,-1.24836070881136E+083
4,524,0,706,1878,-1,-1,-1,1187.18335260497,-1,-1,-1.24836067696189E+083
5,51,0,706,1876,-1,-1,-1,1639.00410403404,-1,-1,-1.24836060515391E+083
6,490,0,706,1874,-1,-1,-1,2052.87207439216,-1,-1,-1.24836037808635E+083
7,469,0,706,1872,-1,-1,-1,2419.56685701013,-1,-1,-1.24835960193402E+083
8,303,0,706,1870,-1,-1,-1,2744.96405234607,-1,-1,-1.24835343702912E+083
9,282,0,706,1869,-1,-1,-1,3012.21035550721,-1,-1,-1.24834461732644E+083
10,280,0,706,1868,-1,-1,-1,3279.22892660694,-1,-1,-1.24834458855798E+083
11,390,0,706,1853,-1,-1,-1,3279.2458624593,-1,-1,298191.634304011
12,520,0,706,1852,-1,-1,-1,3279.25273749325,-1,-1,156666.585487437
13,281,0,706,1850,-1,-1,-1,3287.79175754404,-1,-1,33721.9618596675
14,243,0,706,1849,-1,-1,-1,3287.79389727814,-1,-1,3501.43961328376
15,301,0,706,1848,-1,-1,-1,3514.08887368022,-1,-1,-1.24822025974115E+083
16,241,0,706,1847,-1,-1,-1,3692.91612315597,-1,-1,-1.24763968456821E+083
17,195,0,706,1846,-1,-1,-1,3840.16009801999,-1,-1,-1.24700050885824E+083
18,481,0,706,1845,-1,-1,-1,3954.73241945822,-1,-1,-1.23012450029992E+083
19,202,0,706,1843,-1,-1,-1,4510.6535445773,-1,-1,-1.23012450029992E+083
20,207,0,706,1842,-1,-1,-1,5028.6199251134,-1,-1,-1.23012447579206E+083
21,31,0,706,1841,-1,-1,-1,5513.09526558733,-1,-1,-1.23012415227943E+083
22,47,0,706,1837,-1,-1,-1,5513.09716059594,-1,-1,155089.720721189
23,494,0,706,1835,-1,-1,-1,5956.38342837337,-1,-1,-1.2301235589998E+083
24,226,0,706,1833,-1,-1,-1,6335.75412662607,-1,-1,-1.23012241845059E+083
25,164,0,706,1832,-1,-1,-1,6660.53022804204,-1,-1,-1.23011521981308E+083
26,682,0,706,1831,-1,-1,-1,6724.90520169027,-1,-1,-1.23004911143004E+083
27,123,0,706,1811,-1,-1,-1,6724.96781611024,-1,-1,212253.176162273
28,248,0,706,1810,-1,-1,-1,6724.96952623315,-1,-1,197450.815930495
29,246,0,706,1809,-1,-1,-1,6724.97117861128,-1,-1,161427.371529465
30,289,0,706,1808,-1,-1,-1,6724.97294232994,-1,-1,86951.5046037904
31,205,0,706,1807,-1,-1,-1,6724.97458764026,-1,-1,69180.7988778113
32,166,0,706,1806,-1,-1,-1,6724.97622238239,-1,-1,55546.8891319771
33,125,0,706,1805,-1,-1,-1,6724.97786382027,-1,-1,29426.5882017988
34,287,0,706,1804,-1,-1,-1,6724.97951806523,-1,-1,8686.15784696132
35,262,0,706,1803,-1,-1,-1,6950.4021833702,-1,-1,-1.23000764897019E+083
36,673,1,706,1802,-1,-1,-1,7142.74787078938,-1,-1,-1.22996500427747E+083
37,210,0,706,1793,-1,-1,-1,7342.85113244224,-1,-1,-1.2298335239104E+083
38,14,0,706,1792,-1,-1,-1,7535.34573923238,-1,-1,-1.22940114288891E+083
39,148,0,706,1791,-1,-1,-1,7687.82353661908,-1,-1,-1.22796129943404E+083
40,232,0,706,1790,-1,-1,-1,7815.03911550017,-1,-1,-1.21891776465466E+083
41,534,0,706,1789,-1,-1,-1,7918.55405752407,-1,-1,-1.20250941862619E+083
42,696,1,706,1788,-1,-1,-1,8000.92824499914,-1,-1,-1.1626207944062E+083
43,230,0,706,1785,-1,-1,-1,8058.38200496929,-1,-1,-1.10541451372285E+083
44,236,0,706,1784,-1,-1,-1,8097.9026638763,-1,-1,-8.38482821207731E+082
45,273,0,706,1783,-1,-1,-1,8121.4434793992,-1,-1,-5.59019832831933E+082
46,126,1,706,1782,-1,-1,-1,8128.6625923831,-1,-1,-3.11274215231346E+076
47,121,0,706,1774,-1,-1,-1,8128.66467198031,-1,-1,28397.527301517
48,324,0,706,1764,-1,-1,-1,8128.66778661217,-1,-1,240490.293291984
49,122,0,706,1763,-1,-1,-1,8128.67040693807,-1,-1,237709.241641103
50,124,1,706,1763,-1,-1,-1,8128.67300739232,-1,-1,156003.045921745
51,165,0,706,1762,-1,-1,-1,8128.67560867313,-1,-1,125198.673641579
52,454,0,706,1762,-1,-1,-1,8128.67822308326,-1,-1,101485.037939308
53,285,1,706,1760,-1,-1,-1,8128.70311158802,-1,-1,13768.5696606512
54,286,1,706,1754,-1,-1,-1,8128.70593174733,-1,-1,213299.608078653
55,290,0,706,1753,-1,-1,-1,8128.70850758906,-1,-1,12447.0770935
56,244,0,706,1740,-1,-1,-1,8128.71114760824,-1,-1,187444.341755161
57,245,0,706,1729,-1,-1,-1,8128.71374563919,-1,-1,270888.552408342
58,291,0,706,1729,-1,-1,-1,8128.71630376624,-1,-1,171055.998634025
59,394,0,706,1728,-1,-1,-1,8128.71887003724,-1,-1,152642.855707625
60,253,0,706,1727,-1,-1,-1,8128.72160062334,-1,-1,85319.6174537085
61,375,0,706,1726,-1,-1,-1,8128.72415120713,-1,-1,66669.2947335878
62,129,0,706,1725,-1,-1,-1,8128.72671418218,-1,-1,57909.3947588463
63,288,0,706,1724,-1,-1,-1,8128.72924352717,-1,-1,38495.1200573078
64,292,0,706,1724,-1,-1,-1,8128.73178829625,-1,-1,38136.3257034578
65,505,0,706,1723,-1,-1,-1,8128.73437029403,-1,-1,31840.3896379083
66,471,0,706,1721,-1,-1,-1,8159.30495891394,-1,-1,-3.11274215231346E+076
67,393,1,706,1719,-1,-1,-1,8181.42370621534,-1,-1,-2.97052426459705E+076
68,395,1,706,1717,-1,-1,-1,8181.42549328739,-1,-1,81052.8802291001
69,397,1,706,1715,-1,-1,-1,8181.42705794796,-1,-1,63195.788266219
70,399,1,706,1712,-1,-1,-1,8181.42973268032,-1,-1,65410.6318648424
71,401,1,706,1709,-1,-1,-1,8181.43209979823,-1,-1,136881.179712469
72,403,1,706,1706,-1,-1,-1,8181.4346438963,-1,-1,279867.494442444
73,405,1,706,1704,-1,-1,-1,8181.43697521696,-1,-1,272914.398613001
74,315,0,706,1703,-1,-1,-1,8181.43931706436,-1,-1,164073.322636161
75,278,0,706,1689,-1,-1,-1,8181.44167355029,-1,-1,212054.259411846
76,154,0,706,1688,-1,-1,-1,8181.44399435818,-1,-1,208059.074001133
77,404,0,706,1687,-1,-1,-1,8181.44630844612,-1,-1,205694.593911241
78,317,0,706,1686,-1,-1,-1,8181.44876980502,-1,-1,123751.875756149
79,316,0,706,1685,-1,-1,-1,8181.45107708313,-1,-1,20294.8015373755
80,358,0,706,1684,-1,-1,-1,8263.99257830204,-1,-1,-2.97052426459705E+076
81,200,0,706,1683,-1,-1,-1,8353.40860504936,-1,-1,-2.97052426459705E+076
82,176,0,706,1682,-1,-1,-1,8398.31663933816,-1,-1,-2.97052426459705E+076
83,18,0,706,1681,-1,-1,-1,8440.01231670612,-1,-1,-2.97052426459705E+076
84,488,0,706,1680,-1,-1,-1,8481.73226964427,-1,-1,-2.97052426459705E+076
85,178,0,706,1678,-1,-1,-1,8520.07227789937,-1,-1,-2.97052070805648E+076
86,132,0,706,1677,-1,-1,-1,8550.47661440214,-1,-1,-2.97011204034039E+076
87,276,0,706,1676,-1,-1,-1,8576.45197150623,-1,-1,-2.95929575396121E+076
88,304,0,706,1675,-1,-1,-1,8601.05906835524,-1,-1,-2.93552313509061E+076
89,342,1,706,1674,-1,-1,-1,8618.39768960001,-1,-1,-2.90397597958474E+076
90,344,1,706,1671,-1,-1,-1,8618.39960312517,-1,-1,190391.421077414
91,346,1,706,1668,-1,-1,-1,8618.40116071794,-1,-1,61834.5386140707
92,348,1,706,1665,-1,-1,-1,8618.4027500432,-1,-1,98129.9677846504
93,350,1,706,1662,-1,-1,-1,8618.41557949036,-1,-1,246691.144417118
94,187,0,706,1660,-1,-1,-1,8618.41711312998,-1,-1,297772.086436616
95,352,1,706,1645,-1,-1,-1,8618.41869638022,-1,-1,287803.567577669
96,231,0,706,1643,-1,-1,-1,8679.96979229897,-1,-1,227494.308826381
97,188,0,706,1642,-1,-1,-1,8679.972113417,-1,-1,134522.182205278
98,351,0,706,1641,-1,-1,-1,8679.97437907429,-1,-1,87113.0314322706
99,354,1,706,1640,-1,-1,-1,8679.97662162222,-1,-1,73509.9115667029
100,150,0,706,1639,-1,-1,-1,8679.97887169011,-1,-1,48226.9956584749
101,189,0,706,1638,-1,-1,-1,8679.98110455135,-1,-1,20420.3555769966
102,299,0,706,1637,-1,-1,-1,8693.42168931803,-1,-1,-2.86331798554502E+076
103,671,0,706,1636,-1,-1,-1,8701.85599785438,-1,-1,-2.78585118290105E+076
104,17,0,706,1617,-1,-1,-1,8701.85770589299,-1,-1,245252.48086395
105,29,0,706,1616,-1,-1,-1,8701.8592161662,-1,-1,211885.786083351
106,27,0,706,1615,-1,-1,-1,8701.86070231907,-1,-1,191463.403313306
107,9,0,706,1614,-1,-1,-1,8701.86220106995,-1,-1,155720.429554692
108,19,0,706,1613,-1,-1,-1,8701.86380519206,-1,-1,140534.587847448
109,24,0,706,1612,-1,-1,-1,8701.86529133702,-1,-1,116692.946796725
110,12,0,706,1611,-1,-1,-1,8701.86682241829,-1,-1,81285.0877847875
111,22,0,706,1610,-1,-1,-1,8701.86829670612,-1,-1,45170.4617766631
112,7,0,706,1609,-1,-1,-1,8701.86977249105,-1,-1,5770.74048461536
113,26,0,706,1608,-1,-1,-1,8708.56351607433,-1,-1,-2.77315908578993E+076
114,28,0,706,1597,-1,-1,-1,8708.56628450612,-1,-1,231521.030736313
115,55,0,706,1596,-1,-1,-1,8708.56864498323,-1,-1,197170.849867707
116,40,0,706,1594,-1,-1,-1,8708.57101591025,-1,-1,149448.997234699
117,25,0,706,1593,-1,-1,-1,8708.57336725527,-1,-1,83266.9852289335
118,267,0,706,1592,-1,-1,-1,8714.06107799709,-1,-1,-2.63936497112167E+076
119,705,1,706,1591,-1,-1,-1,8718.78800454829,-1,-1,-2.39894620309457E+076
120,382,1,706,1588,-1,-1,-1,8722.4405188472,-1,-1,-1.73142646183863E+076
121,384,1,706,1585,-1,-1,-1,8722.44325270411,-1,-1,231863.349150463
122,386,1,706,1582,-1,-1,-1,8722.44560330501,-1,-1,61291.2353545298
123,388,1,706,1579,-1,-1,-1,8722.44798479835,-1,-1,242689.161813536
124,518,1,706,1578,-1,-1,-1,8724.20232232427,-1,-1,-8.00170616076639E+075
125,676,0,706,1577,-1,-1,-1,8726.18971577007,-1,-1,-7.96730232054754E+075
126,260,0,706,1557,-1,-1,-1,8726.1924786102,-1,-1,219928.25556266
127,221,0,706,1556,-1,-1,-1,8726.19485071721,-1,-1,174812.681728997
128,180,0,706,1555,-1,-1,-1,8726.19718627026,-1,-1,172707.941675702
129,137,0,706,1554,-1,-1,-1,8726.1995483092,-1,-1,171495.817589715
130,139,0,706,1553,-1,-1,-1,8726.20188726997,-1,-1,164809.05284438
131,219,0,706,1552,-1,-1,-1,8726.2042119801,-1,-1,46340.1010312294
132,371,1,706,1551,-1,-1,-1,8727.72315044422,-1,-1,-7.92019053629574E+075
133,323,1,706,1550,-1,-1,-1,8728.8309663292,-1,-1,-7.48041965865998E+074
134,325,1,706,1548,-1,-1,-1,8728.83346217312,-1,-1,15627.3403168497
135,327,1,706,1546,-1,-1,-1,8728.8358096201,-1,-1,111718.944178234
136,329,1,706,1544,-1,-1,-1,8728.83814594429,-1,-1,7983.33466798786
137,331,1,706,1541,-1,-1,-1,8728.84046399826,-1,-1,204270.899698487
138,333,1,706,1538,-1,-1,-1,8728.84298066935,-1,-1,182258.721246192
139,335,1,706,1535,-1,-1,-1,8728.84528828831,-1,-1,100663.162061786
140,337,1,706,1532,-1,-1,-1,8728.84762915224,-1,-1,116962.269098488
141,151,0,706,1531,-1,-1,-1,8730.27609136934,-1,-1,-7.47719093059119E+074
142,466,0,706,1517,-1,-1,-1,8730.27862640936,-1,-1,230106.030995368
143,153,0,706,1517,-1,-1,-1,8730.2809006772,-1,-1,214039.014981269
144,336,0,706,1516,-1,-1,-1,8730.28335925424,-1,-1,195130.131591732
145,319,0,706,1515,-1,-1,-1,8730.28562538698,-1,-1,133189.573870456
146,152,0,706,1514,-1,-1,-1,8730.28790431237,-1,-1,65700.6186000128
147,310,0,706,1513,-1,-1,-1,8731.59534442937,-1,-1,-7.47719093059119E+074
148,402,0,706,1501,-1,-1,-1,8731.59788806038,-1,-1,216059.394469269
149,311,0,706,1501,-1,-1,-1,8731.60012337798,-1,-1,128355.969604662
150,312,0,706,1500,-1,-1,-1,8731.60254873894,-1,-1,101714.461491119
151,149,0,706,1499,-1,-1,-1,8731.60477551306,-1,-1,87390.7813671762
152,532,0,706,1498,-1,-1,-1,8731.60700494796,-1,-1,5213.22444384336
153,701,1,706,1498,-1,-1,-1,8732.72374719894,-1,-1,-6.89465798459942E+074
154,326,1,706,1495,-1,-1,-1,8732.72619159101,-1,-1,122033.668042161
155,703,1,706,1495,-1,-1,-1,8733.6056439993,-1,-1,-4.41141667287571E+074
155,523,1,706,1489,-1,-1,-1,8734.35460236995,-1,-1,-2.34564124563199E+069
